,Title,Date,Sentiment
0,Tesla's use of individual driver data for insurance 'state-by-state proposition',2019-09-05,0.0
1,U.S. safety agency cites Tesla Autopilot design as factor in 2018 California crash,2019-09-04,0.0258
2,"U.S. safety agency cites driver error, Tesla Autopilot design in crash report",2019-09-04,-0.3818
3,"U.S. safety regulator cites driver error, Tesla Autopilot design in crash report",2019-09-04,-0.3818
4,"U.S. NTSB cites driver error, Tesla Autopilot design in crash report",2019-09-04,-0.6597
5,Tesla Autopilot engaged in 2018 California crash; driver's hands off wheel -NTSB,2019-09-03,0.0
6,NTSB says Autopilot engaged in 2018 California Tesla crash,2019-09-03,0.0
7,"U.S. STOCKS ON THE MOVE-Campbell Soup, Tesla, Dell, Ambarella",2019-08-30,0.0
8,"U.S. STOCKS ON THE MOVE-Tesla, Dell, Campbell Soup, Alexion",2019-08-30,0.0
9,China to exempt Tesla cars from 10% purchase tax,2019-08-30,0.1027
10,Can Tesla Supercharge Stock Gains After ‘Vanity Fair’ Article?,2019-09-04,0.34
11,U.S. safety agency cites Tesla Autopilot design as factor in 2018 California crash,2019-09-04,0.0258
12,"U.S. safety agency cites driver error, Tesla Autopilot design in crash report",2019-09-04,-0.3818
13,"U.S. safety regulator cites driver error, Tesla Autopilot design in crash report",2019-09-04,-0.3818
14,"U.S. NTSB cites driver error, Tesla Autopilot design in crash report",2019-09-04,-0.6597
15,Buy Ford Stock for Big Dividends and Improving Auto Sales,2019-09-04,0.4215
16,Don’t Let These 4 Stock Market Myths Cost You,2019-09-03,0.0
17,Housing Stocks: Surprising Picks as Leaders of the Coming Rally,2019-09-03,0.2732
18,Exxon Mobil Stock Might Be a Surprise Pick During a Recession,2019-09-03,-0.1779
19,General Motors Stock Yet Another Victim of Tweet Rampage,2019-09-03,-0.2732
20,"How Tesla's Deliveries Compare With Luxury Rivals Audi, BMW, Mercedes",2019-09-03,0.0
21,Investing Predictions: Fall 2019,2019-09-03,0.0
22,Tesla Autopilot engaged in 2018 California crash; driver's hands off wheel -NTSB,2019-09-03,0.0
23,NTSB says Autopilot engaged in 2018 California Tesla crash,2019-09-03,0.0
24,10 Lithium Stocks to Buy Despite the Market’s Irrationality,2019-09-03,0.3089
25,SolarCity Looks Like a Huge Mistake for Tesla,2019-08-30,0.34
26,Tesla (TSLA) Outpaces Stock Market Gains: What You Should Know,2019-08-30,0.34
27,"Technology Sector Update for 08/30/2019: SEAC, MSFT, AAPL, IBM, CSCO, GOOGL",2019-08-30,0.0
28,"Technology Sector Update for 08/30/2019: SEAC, JNPR, AMBA, TSLA",2019-08-30,0.0
29,"Decker Brands, Lear, Alphabet, Tesla and Baidu highlighted as Zacks Bull and Bear of the Day",2019-08-30,0.0
30,Tesla in advanced talks with LG Chem on battery supply in China,2019-08-23,0.25
31,Tesla to buy batteries from South Korea's LG Chem,2019-08-23,0.0
32,"Walmart, Tesla look to address issues surrounding solar systems",2019-08-23,0.0
33,"U.S. STOCKS ON THE MOVE-Boeing, Nordstrom, L Brands, Net Element",2019-08-22,0.0
34,"U.S. STOCKS ON THE MOVE-Nordstrom, L Brands, Retrophin, Cato",2019-08-22,0.0
35,Volkswagen says it is not interested in buying a Tesla stake,2019-08-22,-0.3089
36,US STOCKS-Futures edge higher as retail earnings highlight consumer confidence,2019-08-22,0.6908
37,Futures edge higher as retail earnings highlight consumer confidence,2019-08-22,0.6908
38,Volkswagen not interested in buying Tesla stake,2019-08-22,-0.3089
39,Volkswagen CEO wants a stake in Tesla - Manager Magazin,2019-08-22,0.0
40,Is Panasonic a Buy?,2019-08-30,0.0
41,"FOCUS-With racing and music events, Tesla gets over marketing allergy in China",2019-08-30,0.0
42,"Tesla hikes prices for Model 3, other cars in China amid weaker yuan",2019-08-30,-0.4404
43,Tesla raises prices for some vehicles in China,2019-08-29,0.0
44,Marijuana Stocks: One Chart Says Now Is The Time to Buy,2019-08-29,0.0
45,"Auto Stock Roundup: Volkswagen Recalls, Harley-Davidson's 2020 Lineup & More",2019-08-29,0.0
46,Stock Market News: Tesla Insurance Draws Skeptics; Dollar General Keeps Shoppers Happy,2019-08-29,0.5106
47,VIDEO: Don’t Panic About the Inverted Yield Curve,2019-08-29,-0.5106
48,US Autonomous Vehicle Market Dominance Under Threat By China,2019-08-29,-0.3818
49,"Tesla's Musk, Alibaba's Ma talk aliens and AI, skip issues like trade",2019-08-29,0.3612
50,"U.S. STOCKS ON THE MOVE-Bank stocks, industrials, Macy's, Tilray",2019-08-14,0.0
51,"U.S. STOCKS ON THE MOVE-Macy's, Apple, Canada Goose, pharma stocks",2019-08-14,0.0
52,"U.S. STOCKS ON THE MOVE-Uber, Viacom, PG&E",2019-08-12,0.0
53,"U.S. STOCKS ON THE MOVE-Tapestry, CannTrust, Tesla, Viacom",2019-08-12,0.0
54,"U.S. STOCKS ON THE MOVE-Tesla, Barrick Gold, CannTrust",2019-08-12,0.0
55,"U.S. STOCKS ON THE MOVE-CannTrust, Cellect, Barrick Gold",2019-08-12,0.0
56,Automakers warm up to friendly hackers at cybersecurity conference,2019-08-11,0.6249
57,Tesla electric car catches fire after hitting tow truck in Moscow,2019-08-11,-0.34
58,Tesla owner lawsuit claims software update fraudulently cut battery capacity,2019-08-08,-0.4588
59,Tesla hit by lawsuit claiming thousands of owners lost battery capacity after software update,2019-08-08,-0.4939
60,"U.S. to test mirrorless, camera-based systems in autos",2019-08-27,0.0
61,Tesla Stock Faces More Bad News After Walmart Lawsuit,2019-08-27,-0.6901
62,"Tesla (TSLA) to Hike Prices in China, In Talks With LG Chem",2019-08-27,0.0
63,Nio Stock Price Will Make a Comeback,2019-08-27,0.0
64,Will Automakers' Push for Fully Electric Cars Drive Profits?,2019-08-27,0.4404
65,Are Electric Vehicles Near a Tipping Point?,2019-08-27,0.0
66,5 Mega-Cap Dividend Stocks to Buy to Weather U.S.-China Trade War Storm,2019-08-26,-0.5994
67,Cobalt Prices Soar After Glencore Announces Shutdown of Key Mine,2019-08-26,0.0
68,MoneyLine Podcast: Stock Picks You Probably Haven’t Already Heard About,2019-08-26,0.0
69,Digital Healthcare Stocks: The IPO Market in This Under-the-Radar Industry Is Heating Up,2019-08-26,0.0
70,Why You Should Avoid the Wreckage in Nio Stock,2019-08-26,-0.296
71,"Consumer Sector Update for 08/26/2019: YUM, BYND",2019-08-26,0.0
72,Rising Trade Tiff Puts the Brakes on U.S. Auto Biggies' Ride,2019-08-26,0.0
73,Nio Stock Slumped Again on Fears of Increased Trade Tensions,2019-08-26,-0.5267
74,"Consumer Sector Update for 08/26/2019: MOGU, TSLA, ICLK, WMT, MCD, DIS, CVS, KO",2019-08-26,0.0
75,Tesla Vs. Biogen: Which Offers Better Risk/Reward?,2019-08-26,0.4404
76,Should Investors Buy Aurora Cannabis Stock At Current Levels?,2019-08-26,0.0
77,"U.S. STOCKS ON THE MOVE-Bristol-Myers, Apple, Tesla, U.S. industrials, chipmakers",2019-08-26,0.0
78,"Tesla's Musk, Alibaba's Ma to talk at Shanghai tech event this week",2019-08-26,0.0
79,"Tesla to raise prices in China on Aug. 30, may increase again in December",2019-08-26,0.3182
80,Is Tesla a Buy?,2019-08-25,0.0
81,Better Robotaxi Stock: Alphabet or Tesla?,2019-08-25,0.4404
82,"Tesla's ""Relaunch"" of Solar Is Another Swing and Miss",2019-08-24,-0.1531
83,Dow Nosedives After Trump Tells Companies to Ditch China,2019-08-23,0.0
84,"Stock Market Today: Trump’s Tweets Rattle Investors, Foot Locker Trips",2019-08-23,0.0
85,The 10 Biggest Renewable Energy Stocks,2019-08-23,0.2732
86,All You Need to Know About Harley-Davidson's 2020 Update,2019-08-23,0.0
87,Target Soars 19% On Earnings,2019-08-23,0.0
88,"U.S. STOCKS ON THE MOVE-Chip stocks, Apple, Foot Locker, oil stocks",2019-08-23,0.0
89,Tesla (TSLA) Down 2.9% Since Last Earnings Report: Can It Rebound?,2019-08-23,0.0
90,Trade the TSLA Stock Rumor With Confidence,2019-08-23,0.5106
91,Trump heaps another 5% tariff on Chinese goods in latest tit-for-tat escalation,2019-08-23,0.0
92,Trump calls on U.S. firms to exit China as trade war escalates,2019-08-23,-0.5994
93,Trump orders U.S. firms out of China after Beijing sets new tariffs,2019-08-23,0.0
94,"U.S. STOCKS ON THE MOVE-Salesforce, Hasbro, L Brands, Foot Locker",2019-08-23,0.0
95,"U.S. STOCKS ON THE MOVE-Salesforce, Boeing, Lyft, Fuwei",2019-08-23,0.0
96,China strikes back at U.S. with new tariffs on $75 bln in goods,2019-08-23,-0.3612
97,Tesla in advanced talks with LG Chem on battery supply in China,2019-08-23,0.25
98,Tesla to buy batteries from South Korea's LG Chem,2019-08-23,0.0
99,"Walmart, Tesla look to address issues surrounding solar systems",2019-08-23,0.0
100,What's Next for Tesla Stock After Walmart Sues Over Solar Panel Fires?,2019-08-22,0.0
101,"5 Top Stock Trades for Friday: SPLK, F, ULTA, TSLA, DKS",2019-08-22,0.2023
102,"Technology Sector Update for 08/22/2019: MSFT, LEDS, ADI, VIOT",2019-08-22,0.0
103,Nio Layoffs 2019: 11 Things to Know About the Upcoming Job Cuts,2019-08-22,-0.296
104,Stock Market News: Tesla/Volkswagen Rumors Fly; L Brands Sales Sag,2019-08-22,0.0
105,"Company News for Aug 22, 2019",2019-08-22,0.0
106,"U.S. STOCKS ON THE MOVE-Boeing, Nordstrom, L Brands, Net Element",2019-08-22,0.0
107,"Machine Learning Answers: If S&P 500 Drops 5% One Week, What's The Chance It'll Rise The Next Week Or Month?",2019-08-22,0.25
108,"Pre-Market Most Active for Aug 22, 2019 :  TVIX, RTRX, QQQ, TSLA, MBIO, TQQQ",2019-08-22,0.4576
109,"Auto Stock Roundup: Honda to Stop Auto Production in Argentina, Ford Recalls",2019-08-22,-0.296
110,"U.S. STOCKS ON THE MOVE-Nordstrom, L Brands, Retrophin, Cato",2019-08-22,0.0
111,Volkswagen says it is not interested in buying a Tesla stake,2019-08-22,-0.3089
112,US STOCKS-Futures edge higher as retail earnings highlight consumer confidence,2019-08-22,0.6908
113,Futures edge higher as retail earnings highlight consumer confidence,2019-08-22,0.6908
114,Volkswagen not interested in buying Tesla stake,2019-08-22,-0.3089
115,Volkswagen CEO wants a stake in Tesla - Manager Magazin,2019-08-22,0.0
116,Volkswagen CEO interested in Tesla stake -Manager Magazin,2019-08-22,0.4019
117,Tesla Feels the Heat as Walmart Sues,2019-08-21,0.0
118,"Market Close Report: NASDAQ Composite Index closes above 8000; up 71.65 points at 8,020.21",2019-08-21,0.0
119,Marijuana Legalization: The Next “Domino” May Be About to Fall,2019-08-21,0.0
120,"Stock Market Today: Tesla Runs Into Headwinds, Fed Says Things Are Fine",2019-08-21,0.2023
121,Pumping the brakes on Tesla while Walmart hits the Target,2019-08-21,0.0
122,Walmart Sues Tesla Over Solar Panel Fires,2019-08-21,0.0
123,Tesla Stock Needs to Start Trading Like a Car Stock,2019-08-21,0.3612
124,"For 5G Stocks, the Race Just Heated Up Big Time",2019-08-21,0.0
125,"Nasdaq 100 Movers: BIDU, NVDA",2019-08-21,0.0
126,"U.S. STOCKS ON THE MOVE-Target, Lowe's, Tesla, Fitbit, Lyft",2019-08-21,0.0
127,"U.S. STOCKS ON THE MOVE-Target, Lowe's, Tesla, Fitbit",2019-08-21,0.0
128,"After Hours: Walmart Sues Tesla, Cree Beats on Q4 Estimates, Whiffs on Guidance",2019-08-21,0.0
129,The Future for NIO Stock Is in the Delivery,2019-08-20,0.0
130,Tesla Has a Good Chance at Making a Profit,2019-08-20,0.7783
131,Walmart sues Tesla for negligence after repeated solar system fires,2019-08-20,0.0
132,Walmart sues Tesla over fires at stores fitted with its solar panels,2019-08-20,0.0
133,Walmart sues Tesla over fires at stores using its solar panels,2019-08-20,0.0
134,Major Headlines Mean Opportunities for Smart Investors,2019-08-19,0.6486
135,"Nio Stock Is Temporarily Broken, But It’s Worth the Risk",2019-08-19,-0.5106
136,NIO Could Be Worth Betting on at Below $3,2019-08-19,0.2263
137,Implied Volatility Surging for Tesla (TSLA) Stock Options,2019-08-19,0.0
138,China's Ganfeng closes deal to raise stake in Argentina lithium project,2019-08-18,0.0
139,Rental firm walks away from Tesla order after quality dispute,2019-08-16,-0.4019
140,"Germany's Nextmove cancels Tesla order, citing quality issues",2019-08-16,-0.2263
141,A Closer Look at Tesla's Q2 Results,2019-08-16,0.0
142,Can Tesla Win the Self-Driving Race?,2019-08-16,0.5859
143,Nio flashes warning for China's luxury car market,2019-08-16,-0.34
144,Nio Takes a Step Back in July,2019-08-15,0.0
145,Marijuana Stocks: Catch the Next Hot Pot Stock Before It ‘Jumps’,2019-08-15,0.0
146,NIO Notches a Huge Win in a Bumpy 2019,2019-08-15,0.7269
147,Why Tesla Stock Fell Wednesday,2019-08-14,0.0
148,Chinese Biotech Stocks: One Huge Growth Sector Unaffected by the Trade War,2019-08-14,0.0
149,See Which Of The Latest 13F Filers Holds Tesla,2019-08-14,0.0
150,"U.S. STOCKS ON THE MOVE-Bank stocks, industrials, Macy's, Tilray",2019-08-14,0.0
151,August Deliveries are Make or Break for NIO Stock,2019-08-14,0.0
152,"U.S. STOCKS ON THE MOVE-Macy's, Apple, Canada Goose, pharma stocks",2019-08-14,0.0
153,Residential Solar Installers Face a Rocky Future,2019-08-13,0.0
154,5 Clean Energy ETFs to Buy for 2019,2019-08-13,0.5859
155,Nio Stock Is Only Suitable for Risk-Tolerant Investors,2019-08-13,0.0
156,"To Find Artificial Intelligence Stocks to Buy, Think Like Bill Gates",2019-08-13,0.6808
157,Solar Struggles Make Tesla Stock a Risky Choice,2019-08-13,-0.5106
158,How to Invest in Car Stocks,2019-08-13,0.0
159,Can Chinese Electric-Car Maker NIO Recover From This Sales Slump?,2019-08-12,0.0
160,An Unlikely Victim of the Cannabis Craze,2019-08-12,-0.4019
161,3 Things to Know Before Buying Nio Stock,2019-08-12,0.0
162,3 Reasons Nio Stock Will Be a Trade War Survivor,2019-08-12,-0.34
163,"U.S. STOCKS ON THE MOVE-Uber, Viacom, PG&E",2019-08-12,0.0
164,"U.S. STOCKS ON THE MOVE-Tapestry, CannTrust, Tesla, Viacom",2019-08-12,0.0
165,"U.S. STOCKS ON THE MOVE-Tesla, Barrick Gold, CannTrust",2019-08-12,0.0
166,"U.S. STOCKS ON THE MOVE-CannTrust, Cellect, Barrick Gold",2019-08-12,0.0
167,To Tesla or Not to Tesla?,2019-08-12,0.0
168,Automakers warm up to friendly hackers at cybersecurity conference,2019-08-11,0.6249
169,How to Invest in Value Stocks,2019-08-11,0.34
170,Tesla electric car catches fire after hitting tow truck in Moscow,2019-08-11,-0.34
171,How to Invest in Renewable Energy Stocks,2019-08-10,0.2732
172,Why Tesla Stock Still Looks Like a Good Long-Term Bet,2019-08-09,0.6597
173,AAPL Stock: Why Apple Will Be A Whole New Company in Five Years,2019-08-09,0.0
174,Cronos and Aphria Stock Shift Marijuana Investing Sentiment,2019-08-09,0.0
175,Tesla owner lawsuit claims software update fraudulently cut battery capacity,2019-08-08,-0.4588
176,Is This Dip a Buying Opportunity in Nvidia Stock?,2019-08-08,0.4215
177,Tesla hit by lawsuit claiming thousands of owners lost battery capacity after software update,2019-08-08,-0.4939
178,"NIO Stock Is Undervalued, But Risky",2019-08-08,-0.2023
179,"In China’s EV Bubble, Nio Stock Straddles Line Between Target and Victim",2019-08-08,-0.2732
180,5G Stocks: How to Make Big Money on Smart Cities,2019-08-07,0.4019
181,AI Stocks: Here’s Your Chance to Make 100 Times Your Money,2019-08-07,0.25
182,IoT: How to Invest in One of the Most Valuable Technologies on Earth,2019-08-07,0.5256
183,The Self-Driving Startup That Could Challenge the Biggest Names in Tech and Auto,2019-08-07,0.0772
184,"Tesla stands by safety claims despite U.S. probes, subpoenas over crashes",2019-08-07,0.4215
185,Tesla faced U.S. agency scrutiny last year over Model 3 safety claims,2019-08-07,0.4215
186,Tesla considers raising prices in China from September,2019-08-07,0.0
187,Tesla scrutinized by U.S. agency over Model 3 safety claims,2019-08-07,0.4215
188,Why Tesla Stock Keeps Making a Strong Case for a Short,2019-08-06,0.5106
189,4 Most-Disruptive Trends Powering Autonomous Vehicles,2019-08-06,0.0
190,3 Keys to Investing in Next-Gen Healthcare Stocks,2019-08-06,0.0
191,Tesla (TSLA) Rides on Model 3 Delivery Amid High Expenses,2019-08-06,0.0
192,9 Catalysts That Will Drive Chinese Biotech Stocks Much Higher,2019-08-05,0.0
193,5G Stocks With 10X Potential,2019-08-05,0.0
194,Why NIO Shares Are Tumbling More Than 12% Lower Monday Afternoon,2019-08-05,-0.0679
195,Tesla Self-Driving Car News: The Latest Project Dojo Rumors,2019-08-05,0.0
196,"Zacks Industry Outlook Highlights: General Motors, Ford, Tesla, Harley-Davidson and Fox Factory",2019-08-05,0.0
197,Tesla Stock Moves Closer to Creating Some Value Finally,2019-08-05,0.5574
198,Solar and Storage Will Eventually Be Positive for Tesla and TSLA Stock,2019-08-05,0.5574
199,Nio Stock Still Speculative in Light of Tesla’s China Expansion,2019-08-05,0.1027
200,"Fiat Chrysler CEO: We'll talk alliances, but we can go it alone",2019-08-05,-0.3612
201,Elon Musk to launch China unit for tunnelling company this month,2019-08-03,0.0
202,What Drove Shares of NIO 36% Higher in July,2019-08-02,0.296
203,"Notable Friday Option Activity: SQ, TSLA, XENT",2019-08-02,0.0
204,"Zacks Value Trader Highlights: Apple, Amazon, Tesla, Boot Barn and PVH",2019-08-02,0.4767
205,"Cisco Systems (CSCO), Amazon (AMZN), and When to Sell a Stock",2019-08-02,0.1779
206,Domestic Auto Industry Outlook: Near-Term Prospects Bleak,2019-08-02,0.296
207,Should Investors Include Nio Stock in their Back-to-School Shopping?,2019-08-02,0.0
208,"Executive Exit is a Distraction for Lyft Stock, but Not a Crisis",2019-08-02,0.5634
209,Predictable Nio Is Worth a Shot,2019-08-01,0.2263
210,"Thursday 8/1 Insider Buying Report: LGND, TSLA",2019-08-01,0.0
211,Value Investors: Should You Read 'The Intelligent Investor'?,2019-08-01,0.6597
212,"Auto Stock Roundup: GPI, JCI Earnings Beat; GT, CMI, CTB Miss",2019-08-01,0.3034
213,Ferrari (RACE) Q2 Earnings Preview: Can it Drive to New Highs?,2019-07-31,0.0
214,Bulls and Bears Are Making Good Points on Tesla Stock,2019-07-31,0.4404
215,ACB Stock Drop is a Problem for Aurora Cannabis (and Why You Should Care),2019-07-31,-0.5859
216,"Panasonic Q1 profit nearly halves on China, Tesla woes",2019-07-31,0.0
217,Panasonic posts bigger than expected 44% slump in Q1 profit,2019-07-31,0.4404
218,"Panasonic's Q1 profit down 44%, misses estimates",2019-07-31,0.25
219,What to Expect from Toyota's (TM) Q1 Earnings,2019-07-30,0.0
220,Albemarle says will not participate in LME lithium contract,2019-06-11,0.0
221,"U.S. STOCKS ON THE MOVE-Beyond Meat, Facebook, GrubHub, Dollar Tree, Crocs, Jaguar Health",2019-06-11,0.0
222,SolarCity competitor Sunnova plans IPO,2019-06-11,0.0
223,"U.S. STOCKS ON THE MOVE-Facebook, Tesla, Beyond Meat, Chico's FAS",2019-06-11,0.0
224,"The Zacks Analyst Blog Highlights: Tesla, General Motors, Ford and Fiat Chrysler",2019-07-29,0.0
225,Tesla's Q2 Earnings Report Leads to More Questions Than Answers,2019-07-28,0.0
226,"After Tesla Earnings, The Bears and the Bulls Continue to Battle",2019-07-26,-0.3818
227,"Management Talks Model 3 Gross Margin, Demand Trends, and More",2019-07-26,-0.5574
228,"Tesla Stock Dives on Q2 Loss, Departure of CTO",2019-07-26,-0.3182
229,2 Ways to Play Nio Stock for Big Profits,2019-07-26,0.6486
230,"The Zacks Analyst Blog Highlights: Autoliv, PACCAR, Harley-Davidson, AutoNation and Tesla",2019-07-26,0.0
231,Elon Musk's Boring Co raises about $117 mln in latest funding round,2019-07-26,-0.3182
232,"Nasdaq 100 Movers: CHTR, GOOG",2019-07-26,0.0
233,"Company News For Jul 26, 2019",2019-07-26,0.0
234,"3 Big Stock Charts for Friday: Southwest Airlines, Juniper Networks and BorgWarner",2019-07-26,0.0
235,U.S. to deny tariff relief for Apple Mac Pro parts from China -Trump,2019-07-26,0.1779
236,Can Investors’ Patience With Aurora Cannabis Stock Be Rewarded Soon?,2019-07-26,0.4939
237,The Tesla Massacre: Could This Be A Buying Opportunity?,2019-07-25,0.4215
238,The #1 Reason  I Am Still “All In” on Stocks,2019-07-25,0.0
239,"Stock Market Today: Boeing, Tesla Tumble on More Worries",2019-07-25,-0.4754
240,Stocks Swallow Big Losses as Earnings Disappoint,2019-07-25,-0.6597
241,"Consumer Sector Update for 07/25/2019: WWE,SAVE,MTH,TSLA",2019-07-25,0.0
242,7 Oversold Stocks To Buy Right Now,2019-07-25,0.0
243,"Notable Thursday Option Activity: TSLA, ALGN, MMM",2019-07-25,0.0
244,3 Reasons to Place Your Bet on GE Stock,2019-07-25,0.0
245,Why You Can Trust ACB Stock Despite This Dip,2019-07-25,0.5106
246,"Consumer Sector Update for 07/25/2019: SAVE,MTH,TSLA",2019-07-25,0.0
247,Why Tesla Stock Was Slammed Thursday,2019-07-25,0.0
248,"Thursday's ETF Movers: ITB, LIT",2019-07-25,0.0
249,Nio Stock Soars as July Win Streak Regains Momentum,2019-07-25,0.5859
250,3 Reasons Why Investors Should Be Considering Moving Into Nvidia Stock,2019-07-25,0.0
251,Tesla Tumbles on Wider Than Expected Q2 Loss: ETFs to Watch,2019-07-25,-0.3182
252,Stock Market News: Tesla Drives Lower; Facebook Pays the Piper,2019-07-25,-0.296
253,4 Blue-Chip Stocks Under Pressure on Earnings,2019-07-25,-0.296
254,Albemarle says will not participate in LME lithium contract,2019-06-11,0.0
255,"U.S. STOCKS ON THE MOVE-Beyond Meat, Facebook, GrubHub, Dollar Tree, Crocs, Jaguar Health",2019-06-11,0.0
256,SolarCity competitor Sunnova plans IPO,2019-06-11,0.0
257,"U.S. STOCKS ON THE MOVE-Facebook, Tesla, Beyond Meat, Chico's FAS",2019-06-11,0.0
258,"U.S. STOCKS ON THE MOVE-Anika Therapeutics, PayPal, Tesla, Align Technology",2019-07-25,0.0
259,Wall St declines on weak earnings reports; ECB disappoints,2019-07-25,-0.6705
260,US STOCKS-Wall St declines on weak earnings reports; ECB disappoints,2019-07-25,-0.6705
261,"U.S. STOCKS ON THE MOVE-Tesla, Gemphire Therapeutics, LendingTree",2019-07-25,0.0
262,Bear of the Day: Sunrun (RUN),2019-07-25,0.0
263,Wall Street falls after mixed earnings; ECB chief disappoints,2019-07-25,-0.3818
264,US STOCKS-Wall Street falls after mixed earnings; ECB chief disappoints,2019-07-25,-0.3818
265,"U.S. STOCKS ON THE MOVE-Gemphire Therapeutics, PayPal, Ford, Tesla, Align Technologies",2019-07-25,0.0
266,"Tesla shares, bonds under pressure as Musk changes tune on profit",2019-07-25,0.4404
267,Tesla shares sink as Musk changes tune on profit,2019-07-25,0.6249
268,US STOCKS-Dow and S&P set for higher open after dovish signals from ECB,2019-07-25,0.0
269,Dow and S&P set for higher open after dovish signals from ECB,2019-07-25,0.0
270,Tesla set to lose over $5 bln in value after pushing profit timeline,2019-07-25,0.3818
271,"U.S. STOCKS ON THE MOVE-Tesla, Align Technology, Cara Therapeutics, PayPal, Ford,",2019-07-25,0.0
272,Futures muted after mixed bag of earnings,2019-07-25,0.0
273,US STOCKS-Futures muted after mixed bag of earnings,2019-07-25,0.0
274,STMicro lowers full-year sales guidance as chip market remains volatile,2019-07-25,-0.128
275,"Tesla, Inc. (TSLA) Q2 2019 Earnings Call Transcript",2019-07-25,0.0
276,Old habits die hard: Saudi Arabia struggles to end oil addiction,2019-07-25,-0.7783
277,Tesla Moves Closer to Profitability,2019-07-25,0.2732
278,"After Hours: Facebook, Tesla, Ford Q2 Results Released",2019-07-24,0.0
279,"Tesla (TSLA) Reports Q2 Loss, Lags Revenue Estimates",2019-07-24,-0.5859
280,"Facebook (FB) Shakes Off FTC with Q2 Beat, Plus TSLA, PYPL & More",2019-07-24,0.0
281,Tesla Earnings: TSLA Stock Slips as Q2 Loss Wider Than Expected,2019-07-24,-0.3182
282,"Stock Market Today: Big Tech in Focus, Automotive Drama",2019-07-24,0.0
283,"After-Hours Earnings Report for July 24, 2019 :  FB, PYPL, NOW, LVS, SU, TSLA, F, XLNX, ORLY, CERN, ALGN, AMP",2019-07-24,0.0
284,Tesla needs more time to turn profit; founding engineer steps down,2019-07-24,0.4404
285,"Tesla target for profit pushed back to Q4, shares down 11.5%",2019-07-24,0.6249
286,"Tesla posts wider-than-expected loss in quarter as margins fall, shares down 10%",2019-07-24,-0.0258
287,"Tesla falls short on revenue, margins in second-quarter, shares tumble 11%",2019-07-24,0.296
288,"Tesla second-quarter revenue misses, shares tumble 11%",2019-07-24,0.0772
289,"Tesla second-quarter revenue misses, shares fall",2019-07-24,0.0772
290,Tesla (TSLA) 2nd Quarter Earnings: What to Expect,2019-07-24,0.0
291,Tesla Reports Earnings Today: Is it all Gloomy for Investors?,2019-07-24,-0.1531
292,Earnings: 3 Stocks to Watch This Week,2019-07-24,0.0
293,"Think Tesla Will Soon Dominate Pickups? Think Again, Says Ford",2019-07-23,-0.128
294,Tesla's (TSLA) Inflection Point: Earnings After The Bell Wednesday 7/23,2019-07-23,0.0
295,It’s Getting Harder and Harder to Stay Bearish on Tesla Stock,2019-07-23,0.0
296,"Hot Investing Trends Updates: IoT, EV, Streaming Video and Marijuana Legalization",2019-07-23,0.0
297,Success in China Is Just the Catalyst to Get Tesla Stock in Gear,2019-07-23,0.5719
298,Albemarle says will not participate in LME lithium contract,2019-06-11,0.0
299,"U.S. STOCKS ON THE MOVE-Beyond Meat, Facebook, GrubHub, Dollar Tree, Crocs, Jaguar Health",2019-06-11,0.0
300,SolarCity competitor Sunnova plans IPO,2019-06-11,0.0
301,"U.S. STOCKS ON THE MOVE-Facebook, Tesla, Beyond Meat, Chico's FAS",2019-06-11,0.0
302,Marijuana Stocks: How to Start Investing in Pot’s Explosive Growth,2019-07-22,0.3818
303,Sunrun Has Found a Way to Crack Energy Storage Markets,2019-07-22,0.2732
304,Tesla (TSLA) to Report Q2 Earnings: What's in the Cards?,2019-07-22,0.0
305,Tesla (TSLA) to Report Q2 Earnings: What's in the Cards?,2019-07-22,0.0
306,7 Things You Didn't Know About NIO,2019-07-21,0.0
307,3 Things to Watch in the Stock Market This Week,2019-07-21,0.0
308,"Weekly Market Preview: Tech Earnings Grabs The Spotlight (FB, TSLA, AMZN, SBUX, GOOGL)",2019-07-21,0.0
309,Tesla Cuts Prices Again. It's Not Good News.,2019-07-20,-0.5583
310,Nasdaq Today: Can Big Tech Earnings Lead to Record Gains?,2019-07-19,0.34
311,How Grubhub Outlasted Amazon,2019-07-19,0.1779
312,Can Rise in Vehicle Delivery Aid Tesla (TSLA) in Q2 Earnings?,2019-07-19,0.0
313,"BMW picks ""decisive"" new CEO to catch up with rivals",2019-07-19,0.0
314,GM's mid-engine Corvettes roar onstage to take on Europeans,2019-07-19,0.0
315,Tesla (TSLA) Is Charged And Ready To Drive Returns,2019-07-18,0.1779
316,Can Ford's (F) Q2 Earnings Drive Up Its Stock Price?,2019-07-18,0.0
317,This Chart on Interest Rates Will Have You Finding Stocks to Buy Now,2019-07-18,0.4588
318,Formula E: Inside the “Silicon Valley of Cars”,2019-07-18,0.0
319,"The Zacks Analyst Blog Highlights: Facebook, Amazon, Alphabet, Apple and Tesla",2019-07-18,0.1779
320,"Auto Stock Roundup: Automakers to Initiate Talk With UAW, GPC to Buy Todd Group",2019-07-18,0.0
321,7 Battery Stocks for High-Powered Gains,2019-07-18,0.34
322,Leverage: A Love Story,2019-07-18,0.6369
323,GM's mid-engine Corvette gears up to take on Europeans,2019-07-18,0.0
324,"Truckmaker Volvo lifts market view, picks Samsung for batteries",2019-07-18,0.0
325,Technology Stock Roundup: Regulatory Matters Galore,2019-07-17,0.0258
326,"5 Top Stock Trades for Thursday: TSLA, GLD, ABT",2019-07-17,0.2023
327,8 Investment Apps for Young Investors,2019-07-17,0.0
328,Will Tesla (TSLA) Report Negative Earnings Next Week? What You Should Know,2019-07-17,-0.5719
329,Why Nio Still Has Huge Upside Despite the Recent Pull-Back,2019-07-17,0.3182
330,3 Hot Investing Trends: Next Steps and Big Opportunities,2019-07-17,0.3818
331,"Pre-Market Most Active for Jul 17, 2019 :  ERIC, FRAN, BAC, AMD, BP, QCOM, PRTY, TVIX, TSLA, GOLD, FMS, ACB",2019-07-17,0.4576
332,"The Zacks Analyst Blog Highlights: Berkshire Hathaway, Pfizer, Danaher, Tesla and Cintas",2019-07-17,0.0
333,Send in the troops: Congo raises the stakes on illegal mining,2019-07-17,-0.5574
334,Tesla (TSLA) Dips More Than Broader Markets: What You Should Know,2019-07-16,0.0
335,Dow Snaps Win Streak Despite Big Bank Earnings,2019-07-16,0.5859
336,"Top Research Reports for Berkshire Hathaway, Pfizer & Danaher",2019-07-16,0.2023
337,Why the Math Favors the Premium on Netflix Stock,2019-07-16,0.25
338,A New Way to Make Money in Marijuana Stocks,2019-07-16,0.0
339,Checking Up on 5 Stocks That Spoke to Brexit,2019-07-16,0.0
340,"U.S. STOCKS ON THE MOVE-Blue Apron, GAIN Capital, Atara, Immuron, Ambow Education",2019-07-16,0.6289
341,"Tuesday’s Vital Data: Citigroup, Twitter and Tesla",2019-07-16,0.296
342,Albemarle says will not participate in LME lithium contract,2019-06-11,0.0
343,"U.S. STOCKS ON THE MOVE-Beyond Meat, Facebook, GrubHub, Dollar Tree, Crocs, Jaguar Health",2019-06-11,0.0
344,SolarCity competitor Sunnova plans IPO,2019-06-11,0.0
345,"U.S. STOCKS ON THE MOVE-Facebook, Tesla, Beyond Meat, Chico's FAS",2019-06-11,0.0
346,Earnings: 3 Fast-Growing Companies to Watch,2019-07-14,0.0
347,"Dow, S&P, Nasdaq Close the Week at New Highs",2019-07-12,0.0
348,"Going Into Earnings, Approach CSX Stock With Caution",2019-07-12,0.0
349,5 EV Stocks to Buy for Big Gains Over the Next Decade,2019-07-12,0.34
350,7 Companies Apple Should Consider Buying,2019-07-12,0.0
351,"The Zacks Analyst Blog Highlights: Tesla, Ford, PACCAR and CarMax",2019-07-12,0.0
352,Nio Stock Is Still Too Speculative for Most Investors,2019-07-12,0.1027
353,"The Zacks Analyst Blog Highlights: Adobe, Philip Morris, Mondelez, ConocoPhillips and Tesla",2019-07-12,0.0
354,PPI Edges Up in June,2019-07-12,0.0
355,"PPI +0.1% for June; Ford, VW Join Forces",2019-07-12,0.296
356,7 Short Squeeze Stocks With Big Upside Potential,2019-07-12,0.0
357,"Investors Mull Tesla Stock Buy as Production, Hiring and Sales Rev Up",2019-07-12,0.0
358,"Top Research Reports for Adobe, Philip Morris & Mondelez",2019-07-11,0.2023
359,"Is NIO, China's Tesla Rival, on the Brink of a Turnaround?",2019-07-11,0.0
360,Why Shares of Sunrun Have Gone Up 72.3% in the First Half of 2019,2019-07-11,0.296
361,"Company News For Jul 11, 2019",2019-07-11,0.0
362,"Auto Stock Roundup: TSLA to Raise Production, VWAGY & F to Share Technology",2019-07-11,0.296
363,Options Traders Expect Huge Moves in JD.com (JD) Stock,2019-07-11,0.3182
364,"3 Big Stock Charts for Thursday: Davita, Honeywell and Advanced Micro Devices",2019-07-11,0.25
365,Tesla (TSLA) Prepares to Increase Production in California,2019-07-11,0.3182
366,Tesla Is About to Increase Production Output at Its California Factory,2019-07-10,0.3182
367,The Small Electric Car Maker that Could Challenge Tesla,2019-07-10,0.0772
368,The 5 Best Stocks to Invest in Self-Driving Cars,2019-07-10,0.6369
369,Tesla's Model 3 Is Racking Up More Accolades,2019-07-10,0.0
370,Netflix Produces The Cuphead Show! Based on Hit Video Game,2019-07-10,0.0
371,"U.S. STOCKS ON THE MOVE-Big Banks, PepsiCo, Tesla, Amneal Pharma, Homebuliders",2019-07-10,0.0
372,"U.S. STOCKS ON THE MOVE-Oil stocks, Pepsi, pharma companies",2019-07-10,0.0
373,This Rebound in Tesla Stock Is for Real and Should Continue,2019-07-10,0.0
374,Will Virgin Galactic Take-Off After Going Public?,2019-07-10,0.0
375,"U.S. STOCKS ON THE MOVE-Levi Strauss, Amneal Pharma, Tesla, airlines",2019-07-10,0.0
376,Albemarle says will not participate in LME lithium contract,2019-06-11,0.0
377,"U.S. STOCKS ON THE MOVE-Beyond Meat, Facebook, GrubHub, Dollar Tree, Crocs, Jaguar Health",2019-06-11,0.0
378,SolarCity competitor Sunnova plans IPO,2019-06-11,0.0
379,"U.S. STOCKS ON THE MOVE-Facebook, Tesla, Beyond Meat, Chico's FAS",2019-06-11,0.0
380,Albemarle says will not participate in LME lithium contract,2019-06-11,0.0
381,"U.S. STOCKS ON THE MOVE-Beyond Meat, Facebook, GrubHub, Dollar Tree, Crocs, Jaguar Health",2019-06-11,0.0
382,SolarCity competitor Sunnova plans IPO,2019-06-11,0.0
383,"U.S. STOCKS ON THE MOVE-Facebook, Tesla, Beyond Meat, Chico's FAS",2019-06-11,0.0
384,Albemarle says will not participate in LME lithium contract,2019-06-11,0.0
385,"U.S. STOCKS ON THE MOVE-Beyond Meat, Facebook, GrubHub, Dollar Tree, Crocs, Jaguar Health",2019-06-11,0.0
386,SolarCity competitor Sunnova plans IPO,2019-06-11,0.0
387,"U.S. STOCKS ON THE MOVE-Facebook, Tesla, Beyond Meat, Chico's FAS",2019-06-11,0.0
388,3 Automotive Stocks to Consider Amid Mixed June Sales,2019-07-03,0.0
389,4 Auto Stocks Revving Up,2019-07-03,0.0
390,Why NIO Stock Popped Today,2019-07-03,0.0
391,Nasdaq Today: M&A Heats Up as Nasdaq Flirts With New Highs,2019-07-03,0.1779
392,"Consumer Sector Update for 07/03/2019: SAUC,TSLA,BECN,OC",2019-07-03,0.0
393,Stock Market News: Tesla Delivers New Auto Records; Cannabis Pioneer Linton Out at Canopy Growth,2019-07-03,0.3818
394,Tesla Hits Record Q2 Deliveries: ETFs Set to Soar,2019-07-03,0.0
395,"Nasdaq 100 Movers: AVGO, SYMC",2019-07-03,0.0
396,Why Tesla Stock Jumped Wednesday,2019-07-03,0.0
397,"Duke Energy's Solar Capacity Exceeds 1 GW, Prospects Bright",2019-07-03,0.6249
398,Major averages close at record highs on dovish Fed hopes,2019-07-03,0.4215
399,US STOCKS-Major averages close at record highs on dovish Fed hopes,2019-07-03,0.4215
400,"Consumer Sector Update for 07/03/2019: XSPA, TSLA, FCAU, WMT, MCD, DIS, CVS, KO",2019-07-03,0.0
401,"Pre-Market Most Active for Jul 3, 2019 :  SYMC, CGC, NVS, NIO, TSLA, TVIX, OMN, AMD, SAP, ZAYO, TQQQ, QQQ",2019-07-03,0.4576
402,"U.S. STOCKS ON THE MOVE-One Stop Systems, Merck & Co, Advaxis, Omnova",2019-07-03,-0.296
403,S&P 500 hits record high on rising rate cut hopes,2019-07-03,0.1779
404,US STOCKS-S&P 500 hits record high on rising rate cut hopes,2019-07-03,0.1779
405,Electric bus maker Proterra hires banks for IPO,2019-07-03,0.0
406,"U.S. STOCKS ON THE MOVE-Unum Therapeutics, USANA, Tesla, OMNOVA",2019-07-03,0.0
407,Tesla shares jump as record deliveries ease demand concerns,2019-07-03,0.4939
408,Albemarle says will not participate in LME lithium contract,2019-06-11,0.0
409,"U.S. STOCKS ON THE MOVE-Beyond Meat, Facebook, GrubHub, Dollar Tree, Crocs, Jaguar Health",2019-06-11,0.0
410,SolarCity competitor Sunnova plans IPO,2019-06-11,0.0
411,"U.S. STOCKS ON THE MOVE-Facebook, Tesla, Beyond Meat, Chico's FAS",2019-06-11,0.0
412,Best Stocks for 2019: Charlotte’s Web Is Just Taking a Breather,2019-07-01,0.6369
413,4 Reasons Why You’re Wrong About Nio Stock,2019-07-01,-0.4767
414,"Consumer Sector Update for 07/01/2019: JMU, TSLA, TTM, WMT, MCD, DIS, CVS, KO",2019-07-01,0.0
415,Tesla's former senior production executive joins Lucid Motors,2019-07-01,0.0
416,"Should You Buy Advanced Micro Devices Stock? Here Are 3 Pros, 3 Cons",2019-07-01,0.25
417,3 Top Driverless Car Stocks to Watch,2019-06-29,0.2023
418,Can Tesla Model 3 Deliveries Keep Rising?,2019-06-28,0.0
419,Can the Nio Stock Wreckage Be Salvaged?,2019-06-28,0.0
420,3 Car Stocks to Trade Today — And How,2019-06-28,0.0
421,PRECIOUS-Gold gains ahead of U.S.-China trade talks; Platinum jumps 3%,2019-06-28,0.34
422,A Simple Test to Find IPO Stocks to Buy,2019-06-28,0.0
423,"Technology Sector Update for 06/28/2019: MU, MSFT, AAPL, IBM, CSCO, GOOGL, GOOG, JKS, TSLA, QCOM",2019-06-28,0.0
424,Gold gains ahead of U.S.-China trade talks; Platinum jumps 3%,2019-06-28,0.34
425,The Ford Stock Price Today Offers Value (And Cash) Amid The Risks,2019-06-28,0.0772
426,"Tesla says single battery module caused car fire in Shanghai, has changed vehicle settings",2019-06-28,-0.34
427,Tesla said single battery module caused car fire in Shanghai,2019-06-28,-0.34
428,Lyft-Waymo Autonomous Vehicle Partnership Begins as Driverless Car Race Heats Up,2019-06-27,0.0
429,Tesla (TSLA) Faces Difficulty to Reach Delivery Target for Q2,2019-06-27,-0.3182
430,Tesla (TSLA) Outpaces Stock Market Gains: What You Should Know,2019-06-27,0.34
431,"Buy Ford and General Motors, but Sell Tesla Stock?",2019-06-27,0.0
432,"Auto Stock Roundup: TSLA Might Miss Delivery Target, KMX Q1 Earnings Top",2019-06-27,0.0516
433,"U.S. STOCKS ON THE MOVE-Conagra, Adaptive Biotechnologies, Aclaris Therapeutics, Peak Resorts",2019-06-27,0.0
434,"U.S. STOCKS ON THE MOVE-Aclaris Therapeutics, Motus GI Holdings, Conagra, Atossa Genetics",2019-06-27,0.0
435,"For Nio Stock, Maybe Being “China’s Tesla” Isn’t Good Enough After All",2019-06-27,0.4404
436,Analysts Predict 16% Gains Ahead For FTXR,2019-06-27,0.34
437,"U.S. STOCKS ON THE MOVE-Conagra, Walgreens, Zogenix, Aclaris Therapeutics",2019-06-27,0.0
438,"U.S. STOCKS ON THE MOVE-Motus GI Holdings, Pier 1, Seelos, Conagra",2019-06-27,0.0
439,"U.S. STOCKS ON THE MOVE-Boeing, Pier 1 Imports, Rite Aid",2019-06-27,0.0
440,How To Invest As The Trade War Progresses,2019-06-26,-0.5994
441,"KERN Stock: What Happened, and What’s Next",2019-06-26,0.0
442,"U.S. STOCKS ON THE MOVE-Auto stocks, Oil stocks, Chip stocks, General Mills",2019-06-26,0.0
443,"The Zacks Analyst Blog Highlights: Tesla, JinkoSolar, Enphase and Azure",2019-06-26,0.0
444,"U.S. STOCKS ON THE MOVE-Gold miners, chip stocks, General Mills",2019-06-26,0.0
445,Tesla's senior production executive at Fremont facility quits,2019-06-26,0.0
446,Tesla's top production executive at Fremont facility quits,2019-06-26,0.2023
447,Tesla loses its VP of production - Electrek,2019-06-26,-0.3182
448,Apple buys self-driving car startup Drive.ai,2019-06-25,0.0
449,Tesla faces delivery bottleneck at close of Q2 -Electrek,2019-06-25,0.0
450,Tesla’s Results to Be Pivotal for TSLA Stock,2019-06-25,0.0
451,10 Lithium Stocks to Buy Despite the Market’s Irrationality,2019-06-25,0.3089
452,Tesla likely to miss record Q2 delivery target - Electrek,2019-06-25,-0.1531
453,Nio Stock Is Worth ‘Test Driving’ If You Can Stomach the Risk,2019-06-25,-0.0516
454,U.S. Solar Installations Increase 10% in Q1: 3 Stocks to Buy,2019-06-25,0.3182
455,Plug Power Is Close To Seeing Daybreak … Probably … Maybe … Could Be …,2019-06-25,0.0
456,SpaceX lifts 24 satellites into orbit after 'most difficult launch',2019-06-25,-0.4201
457,SpaceX launches Falcon Heavy rocket with 24 satellites,2019-06-25,0.0
458,Corporate Boards Are Supposed to Oversee Companies but Often Turn a Blind Eye,2019-06-25,-0.5499
459,U.S. waives tariffs on Japanese aluminum for Tesla battery cells,2019-06-24,0.0
460,Tesla Stock Is Back Above $200 — Time To Short It,2019-06-24,0.0
461,Nio Stock Takes a Dive,2019-06-24,0.0
462,"Weekly Tech Stock News: Facebook's Cryptocurrency, Slack's IPO, and More",2019-06-23,0.0
463,3 Top Value Stocks to Buy Right Now,2019-06-23,0.4939
464,How Many Vehicles Will Tesla Deliver in Q2?,2019-06-22,0.0
465,Tesla (TSLA) Gains As Market Dips: What You Should Know,2019-06-21,0.34
466,Negative Analyst Notes Both Hurt -- and Help -- Tesla Stock,2019-06-21,-0.6597
467,"The Zacks Analyst Blog Highlights: Alphabet, Tesla, Uber Technologies, Intel and Nvidia",2019-06-21,0.0
468,"U.S. STOCKS ON THE MOVE-Sealed Air, Carnival Corp, Kroger, Micron",2019-06-21,0.0
469,Morgan Stanley Perfectly Sums Up the Dilemma For Tesla Stock Investors,2019-06-21,0.5423
470,"U.S. STOCKS ON THE MOVE-Canopy Growth, Macerich, Sealed Air, Moxian",2019-06-21,0.3818
471,"U.S. STOCKS ON THE MOVE-Canopy Growth, Melinta Therapeutics, AquaBounty Technologies",2019-06-21,0.3818
472,Toyota Tsusho to wait on EV market before upping lithium investment,2019-06-21,0.0
473,This Auto Stock Jumped 31% While You Were Watching Tesla's Slump,2019-06-21,0.0
474,"U.S. STOCKS ON THE MOVE-Oracle, Carnival, Alibaba, oil stocks, airline stocks",2019-06-20,0.0
475,"Auto Stock Roundup: F Recalls, HOG to Expand in China, WGO Beats on Q3 Earnings",2019-06-20,0.3182
476,"The Zacks Analyst Blog Highlights: Deere, Las Vegas Sands, Vertex, Tesla and Keurig Dr Pepper",2019-06-20,0.0
477,Make Way for Driverless Cars: Top 5 Gainers,2019-06-20,0.2023
478,"U.S. STOCKS ON THE MOVE-Tesla, Carnival, Oracle, oil stocks, gold stocks",2019-06-20,0.0
479,"U.S. STOCKS ON THE MOVE-Amazon, Oracle, Carnival, Alibaba, Oil stocks, gold stocks",2019-06-20,0.0
480,Goldman slashes Tesla price target by $42 on demand concerns,2019-06-20,-0.3182
481,"Like Its Stock Price, Ford Motor Company's Quality Is Up in 2019",2019-06-20,0.3612
482,Dow Nabs Third Straight on Dovish Fed Comments,2019-06-19,0.2263
483,"Top Stock Reports for Deere, Las Vegas Sands & Vertex",2019-06-19,0.2023
484,CBD Oil: The True Power of a Consumer Craze,2019-06-19,0.296
485,Electric dreams in danger as funding dwindles for China's Tesla challengers,2019-06-19,-0.0772
486,"5 Top Stock Trades for Wednesday: BA, AVGO, ETSY, NIO, AGN",2019-06-18,0.2023
487,Tesla: Car Stock or Tech Stock?,2019-06-18,0.0
488,Is Elon Musk’s Tweet the Reason Behind Tesla Stock’s Latest Jump?,2019-06-18,0.0
489,"Tuesday’s Vital Data: Facebook, Tesla and Micron Technology",2019-06-18,0.296
490,Nvidia boosts self-driving AI business with Volvo trucks deal,2019-06-18,0.3182
491,Truckmaker Volvo to partner with Nvidia to develop AI for driverless vehicles,2019-06-18,0.0
492,Why GM Is Set to Challenge Tesla in Electric & Autonomous Vehicle Markets,2019-06-17,0.0772
493,"Why Tesla, C&J Energy Services, and CrowdStrike Holdings Jumped Today",2019-06-17,0.2732
494,"5 Top Stock Trades for Tuesday: FB, NFLX, GILD, TSLA",2019-06-17,0.2023
495,Why Tesla Stock Jumped Monday,2019-06-17,0.0
496,Why Ford Stock Is Undervalued,2019-06-17,0.0
497,Why Solar Stocks Are Taking Investors On a Wild Ride,2019-06-17,0.0
498,"Tesla's Elon Musk becomes ""Daddy DotCom"" on Twitter",2019-06-17,0.0
499,Where Will Tesla Be in 1 Year?,2019-06-16,0.0
500,Tesla (TSLA) Gains As Market Dips: What You Should Know,2019-06-14,0.34
501,Have People Stopped Listening to Elon Musk?,2019-06-14,-0.2263
502,Albemarle says will not participate in LME lithium contract,2019-06-11,0.0
503,"U.S. STOCKS ON THE MOVE-Beyond Meat, Facebook, GrubHub, Dollar Tree, Crocs, Jaguar Health",2019-06-11,0.0
504,SolarCity competitor Sunnova plans IPO,2019-06-11,0.0
505,"U.S. STOCKS ON THE MOVE-Facebook, Tesla, Beyond Meat, Chico's FAS",2019-06-11,0.0
506,"U.S. denies Tesla, Uber 25% tariff relief on components, e-bikes",2019-06-13,0.144
507,U.S. denies Tesla tariff relief request for Chinese-made Model 3 'brain',2019-06-13,0.0772
508,What Happened in the Stock Market Today,2019-06-12,0.0
509,"Tesla: ""There Is Not a Demand Problem""",2019-06-12,0.3875
510,"Pre-Market Most Active for Jun 12, 2019 :  MFG, SMFG, AZN, GSK, AMD, MDSO, NOK, TSLA, QQQ, AAT, BYND, TVIX",2019-06-12,0.4576
511,Why the Recovery in Tesla Stock Has Big Runway Ahead,2019-06-12,0.0
512,Analysts split on Tesla 2019 delivery promises,2019-06-12,0.3818
513,Sweden's Northvolt raises $1 bln to complete funding for mammoth battery plant,2019-06-12,0.0
514,Tesla Stock Still Has Plenty To Prove On The Charts,2019-06-12,0.0
515,Wall Street split on Tesla 2019 delivery promises,2019-06-12,0.3818
516,U.S. rooftop solar company Sunnova Energy plans IPO,2019-06-11,0.2732
517,"Tesla is serious about a possible record quarter, not so serious about a submarine car",2019-06-11,-0.1531
518,Tesla has a 'decent shot' at a record quarter on every level,2019-06-11,0.0
519,Tesla has a 'decent shot' at a record quarter on every level - Musk,2019-06-11,0.0
520,"U.S. STOCKS ON THE MOVE-Beyond Meat, Legacy Reserves, CymaBay Therapeutics, Insys Therapeutics",2019-06-11,0.0
521,"U.S. STOCKS ON THE MOVE-Beyond Meat, Jaguar Health, Lovesac, Sprint, T-Mobile",2019-06-11,0.0
522,Albemarle declines to participate in LME lithium contract,2019-06-11,0.0
523,Albemarle says will not participate in LME lithium contract,2019-06-11,0.0
524,"U.S. STOCKS ON THE MOVE-Beyond Meat, Facebook, GrubHub, Dollar Tree, Crocs, Jaguar Health",2019-06-11,0.0
525,SolarCity competitor Sunnova plans IPO,2019-06-11,0.0
526,Albemarle says will not participate in LME lithium contract,2019-06-11,0.0
527,"U.S. STOCKS ON THE MOVE-Beyond Meat, Facebook, GrubHub, Dollar Tree, Crocs, Jaguar Health",2019-06-11,0.0
528,SolarCity competitor Sunnova plans IPO,2019-06-11,0.0
529,"U.S. STOCKS ON THE MOVE-Facebook, Tesla, Beyond Meat, Chico's FAS",2019-06-11,0.0
530,Tesla Steers Solid Growth Prospects: ETFs to Buy,2019-06-07,0.6597
531,Beyond Meat Stock Is the Real Deal,2019-06-07,0.0
532,It’s Time to Take Profits in Beyond Meat Stock,2019-06-07,0.4404
533,NIO Continues Its Slide: Here's Why It Dropped on Thursday,2019-06-06,0.0
534,"5 Top Stock Trades for Friday: SNAP, TSLA, HOME",2019-06-06,0.2023
535,Why Tesla Stock Jumped Thursday,2019-06-06,0.0
536,Tesla Reportedly Sees Robust Vehicle Deliveries in North America,2019-06-06,0.34
537,July 26th Options Now Available For Tesla (TSLA),2019-06-06,0.0
538,"Nasdaq 100 Movers: LULU, AMD",2019-06-06,0.0
539,"Auto Stock Roundup: FCAU, TM, NSANY Record Sales Growth in May, GM Upgrades Plant",2019-06-06,0.3818
540,Plug Power Stock Could Be a Bargain,2019-06-06,0.2023
541,"Notable Wednesday Option Activity: TSLA, BREW, PEG",2019-06-05,0.0
542,How Marijuana Legalization in Illinois Opens Up a Billion-Dollar Market,2019-06-05,0.0
543,"Forget $300, Can Tesla Stock Reliably Get Back to $200?",2019-06-05,-0.2263
544,5 of the Best Stocks Under $10 to Buy Right Now,2019-06-04,0.6369
545,Why Tesla Stock Jumped on Tuesday,2019-06-04,0.0
546,How to Make Big Money on Marijuana IPOs,2019-06-04,0.0
547,Tesla's Travails: Curfew For A Corporate Teenager?,2019-06-04,0.0
548,Why You Should Avoid Margin Like the Plague,2019-06-02,0.0772
549,New Mexican Tariffs Could Majorly Disrupt Ford Stock — And All of U.S. Auto,2019-05-31,0.0
550,Albemarle says will not participate in LME lithium contract,2019-06-11,0.0
551,"U.S. STOCKS ON THE MOVE-Beyond Meat, Facebook, GrubHub, Dollar Tree, Crocs, Jaguar Health",2019-06-11,0.0
552,SolarCity competitor Sunnova plans IPO,2019-06-11,0.0
553,"U.S. STOCKS ON THE MOVE-Facebook, Tesla, Beyond Meat, Chico's FAS",2019-06-11,0.0
554,Albemarle says will not participate in LME lithium contract,2019-06-11,0.0
555,"U.S. STOCKS ON THE MOVE-Beyond Meat, Facebook, GrubHub, Dollar Tree, Crocs, Jaguar Health",2019-06-11,0.0
556,SolarCity competitor Sunnova plans IPO,2019-06-11,0.0
557,"U.S. STOCKS ON THE MOVE-Facebook, Tesla, Beyond Meat, Chico's FAS",2019-06-11,0.0
558,Albemarle says will not participate in LME lithium contract,2019-06-11,0.0
559,"U.S. STOCKS ON THE MOVE-Beyond Meat, Facebook, GrubHub, Dollar Tree, Crocs, Jaguar Health",2019-06-11,0.0
560,SolarCity competitor Sunnova plans IPO,2019-06-11,0.0
561,"U.S. STOCKS ON THE MOVE-Facebook, Tesla, Beyond Meat, Chico's FAS",2019-06-11,0.0
562,Albemarle says will not participate in LME lithium contract,2019-06-11,0.0
563,"U.S. STOCKS ON THE MOVE-Beyond Meat, Facebook, GrubHub, Dollar Tree, Crocs, Jaguar Health",2019-06-11,0.0
564,SolarCity competitor Sunnova plans IPO,2019-06-11,0.0
565,"U.S. STOCKS ON THE MOVE-Facebook, Tesla, Beyond Meat, Chico's FAS",2019-06-11,0.0
566,2 Million U.S. Solar Installations Are Just the Start,2019-05-21,0.0
567,"Consumer Sector Update for 05/20/2019: DRFG,DRI,RUTH,TSLA,IGT,PDD",2019-05-20,0.0
568,"Noteworthy Monday Option Activity: BZH, TSLA, FOCS",2019-05-20,0.0
569,Taking a Shot on Ford Stock Now Wouldn’t Be Completely Crazy,2019-05-20,-0.4005
570,7 Battery Stocks for High-Powered Gains,2019-05-20,0.34
571,"Consumer Sector Update for 05/20/2019: TSLA,IGT,PDD",2019-05-20,0.0
572,"When It Comes to Risk, Pinterest Stock Is a Better Buy Than Snapchat",2019-05-20,0.2023
573,Why Tesla Stock Fell Monday,2019-05-20,0.0
574,"Monday’s Vital Data: Baidu, Tesla and Roku",2019-05-20,0.296
575,"Consumer Sector Update for 05/20/2019: TSLA, PDD, IGT, WMT, MCD, DIS, CVS, KO",2019-05-20,0.0
576,"3 Big Stock Charts for Monday: Davita, Clorox and Expedia Group",2019-05-20,0.0
577,Tesla's Lithium Warning Supports Albemarle's Growth Plans,2019-05-18,0.4019
578,Tesla News: Why TSLA Stock Is Tumbling Today,2019-05-17,0.0
579,Tesla Becomes Oversold (TSLA),2019-05-17,0.0
580,"5 Top Stock Trades for Monday: TSLA, BIDU, IQ, DE, MU",2019-05-17,0.2023
581,Why Tesla Stock Fell on Friday,2019-05-17,0.0
582,Tesla to Cut Costs (Again),2019-05-17,-0.2732
583,Stock Market News: Tesla Hits the Brakes; Will Starbucks Be a Trade-War Casualty?,2019-05-17,-0.5267
584,The Real Danger of Headline Risk: Your Own Reaction,2019-05-17,-0.6705
585,"Company News For May 17, 2019",2019-05-17,0.0
586,Albemarle says will not participate in LME lithium contract,2019-06-11,0.0
587,"U.S. STOCKS ON THE MOVE-Beyond Meat, Facebook, GrubHub, Dollar Tree, Crocs, Jaguar Health",2019-06-11,0.0
588,SolarCity competitor Sunnova plans IPO,2019-06-11,0.0
589,"U.S. STOCKS ON THE MOVE-Facebook, Tesla, Beyond Meat, Chico's FAS",2019-06-11,0.0
590,Why Tesla Stock Fell Monday,2019-05-13,0.0
591,3 Stocks to Sell as Tariff Woes Take Hold,2019-05-13,-0.4404
592,What Can NVIDIA Investors Expect From the Earnings Report?,2019-05-13,0.0
593,Context Is Everything For Investors Mulling Embattled AT&T Stock,2019-05-13,0.0
594,"Notable Friday Option Activity: PRAH, CNTY, TSLA",2019-05-10,0.0
595,Why Nio Stock Could Be Worth Its Risk,2019-05-10,-0.0516
596,3 Semiconductor Stocks to Buy Right Now,2019-05-09,0.0
597,NIO Stock and Tesla Stock Are Parked at the Intersection of the Trade War,2019-05-09,-0.5994
598,Buffetty Highlights From the Annual Meeting,2019-05-09,0.0
599,Lyft Stock Is Stalled Out by the Uber IPO — But Not Forever,2019-05-08,-0.2023
600,Get Ready to See Amazon Stock Approach to All-Time Highs,2019-05-08,0.4939
601,Warren Buffett Might Be Wrong About Tesla's Insurance Ambitions,2019-05-08,-0.4767
602,It’s Now or Never for Uber and Lyft,2019-05-07,0.0
603,Elon Musk Loads Up on More Tesla Stock,2019-05-07,0.0
604,Look How Far Tesla Stock Has Come,2019-05-07,0.0
605,"Notable ETF Inflow Detected - VXF, TSLA, WP, WDAY",2019-05-07,0.4084
606,Fall in Model 3 Delivery & High Expenses Affect Tesla (TSLA),2019-05-07,0.0
607,Why Things Will Get Better For Tesla Stock,2019-05-07,0.4404
608,Tesla Makes a Last-Gasp Effort to Revive Its Solar Energy Business,2019-05-07,0.5423
609,Will China’s Huge New Innovation “Kill” Tesla Stock?,2019-05-06,0.5994
610,10 Lithium Stocks to Buy Despite the Market’s Irrationality,2019-05-06,0.3089
611,"Stock Market News For May 6, 2019",2019-05-06,0.0
612,Why Tesla Stock Fell 15% in April,2019-05-06,0.0
613,Trouble at Tesla: The Narrative Gets Bleaker,2019-05-05,-0.4019
614,What's Behind Eventbrite's 30% Drop,2019-05-05,-0.2732
615,Why Tesla Stock Jumped (Again) Friday,2019-05-03,0.0
616,Why Investors Should Buy JD.com Stock on Weakness,2019-05-03,-0.4215
617,Nio Stock’s Path Might Simply Be Too Tough,2019-05-03,-0.128
618,Tesla Stock Soars on Increasing Stock Offering,2019-05-03,0.0
619,"Tesla Reaffirms Guidance for 90,000 to 100,000 Deliveries in Q2",2019-05-03,0.0
620,"Tabula Rasa, Tesla, Roku and Netflix as Zacks Bull and Bear of the Day",2019-05-03,0.0
621,Zacks Investment Ideas feature highlights: Tesla,2019-05-03,0.0
622,"Pre-Market Most Active for May 3, 2019 :  NOK, SQQQ, QQQ, SAN, TSLA, AMD, FCAU, BYND, AMZN, X, SRC, FMS",2019-05-03,0.4576
623,Bear of the Day: Tesla (TSLA),2019-05-03,0.0
624,"Thursday's ETF Movers: LIT, XOP",2019-05-02,0.0
625,The Tesla Roller Coaster: Are Investors Ready To Ride?,2019-05-02,0.3612
626,Tesla Rallies on Plans to Raise Capital,2019-05-02,0.0
627,"Noteworthy Thursday Option Activity: AMZN, TSLA, BKNG",2019-05-02,0.0
628,Why Tesla Stock Moved Higher Thursday,2019-05-02,0.0
629,Stock Market News: Tesla Raises Cash; Beyond Meat Heads for IPO,2019-05-02,0.0
630,"Zacks Market Edge Highlights: Apple, Facebook, Amazon, Tesla and Lululemon",2019-05-02,0.1779
631,"Elon Musk: Great Innovator, but a Hit-and-Miss Prophet",2019-05-02,0.3716
632,"Nasdaq 100 Movers: KHC, AMD",2019-05-02,0.0
633,5 Stocks That Failed to Impress Investors This Earnings Season,2019-05-02,-0.1027
634,Jobless Claims Steady at 230K Ahead of Friday's BLS Report,2019-05-02,0.0
635,Weekly Jobless Claims Remain Unchanged,2019-05-02,0.0
636,"Auto Stock Roundup: F, GM, PAG, PCAR & GT Q1 Earnings Beat",2019-05-02,0.4278
637,"Pre-Market Most Active for May 2, 2019 :  SAN, ASX, TSLA, TEVA, CTST, NOK, AMD, QCOM, ZNGA, QQQ, TVIX, UAA",2019-05-02,0.4576
638,Tesla Stock Investors Are Finally Ignoring Elon Musk,2019-05-02,-0.4019
639,Are Millennials the First Stock Investing Generation?,2019-05-01,0.0
640,Tesla Starts Price War In Solar Panel Market,2019-05-01,-0.5994
641,Bull Of The Day: SunPower Corp (SPWR),2019-05-01,0.0
642,Why Did Vivint Solar Stock Drop 6%?,2019-04-30,-0.2732
643,Should Freeport McMoRan Stock Be Bought on Weakness?,2019-04-30,-0.4215
644,Never Count Out Facebook or Microsoft,2019-04-30,0.0
645,2 Must-See Takeaways From Tesla's First-Quarter Earnings Call,2019-04-29,0.0
646,"Monday’s Vital Data: Ford, Intel and Tesla",2019-04-29,0.296
647,8 Stocks to Buy Whose Products America Loves,2019-04-29,0.5719
648,"Pre-Market Most Active for Apr 29, 2019 :  TOT, MOMO, DIS, SQQQ, AMD, CHA, TSLA, SNAP, CLOU, SNY, GE, TGT",2019-04-29,0.4576
649,This Elon Musk Comment Should Terrify Tesla Investors,2019-04-29,-0.5106
650,Albemarle says will not participate in LME lithium contract,2019-06-11,0.0
651,"U.S. STOCKS ON THE MOVE-Beyond Meat, Facebook, GrubHub, Dollar Tree, Crocs, Jaguar Health",2019-06-11,0.0
652,SolarCity competitor Sunnova plans IPO,2019-06-11,0.0
653,"U.S. STOCKS ON THE MOVE-Facebook, Tesla, Beyond Meat, Chico's FAS",2019-06-11,0.0
654,A New Frontier for CRISPR Stocks: Gene Therapy Cures 10 Babies,2019-04-25,0.0
655,What Happened in the Stock Market Today,2019-04-25,0.0
656,Tesla Stock Is Too Emotional to Be Anything But a Trading Vehicle,2019-04-25,0.1531
657,"Auto Stock Roundup: TSLA, GPC & ORLY Earnings Miss, HOG & ALSN Report a Beat",2019-04-25,-0.1531
658,Tesla Disappoints in Q1: ETFs in Focus,2019-04-25,-0.3818
659,"Tesla, Inc. (TSLA) Q1 2019 Earnings Call Transcript",2019-04-25,0.0
660,Tesla (TSLA) Earnings and Revenues Miss Estimates in Q1,2019-04-25,-0.1531
661,Will Earnings Even Matter for General Motors Stock?,2019-04-25,0.0258
662,"Pre-Market Most Active for Apr 25, 2019 :  NOK, SQQQ, FB, MSFT, QQQ, XLNX, LIN, TSLA, MMM, CLF, NIO, GNC",2019-04-25,0.4576
663,Tesla Earnings: Cash and Cash Equivalents Take a Hit,2019-04-25,0.0
664,"Tesla Earnings: TSLA Stock Gains Despite Wide Q1 Loss, Sales Miss",2019-04-24,0.4141
665,Tesla Declares War on Waymo's Lidar Technology,2019-04-24,-0.5994
666,"NVIDIA Calls Elon Musk's Self-Driving Car Comments Unfair, Inaccurate",2019-04-24,-0.4767
667,"5 Top Stock Trades for Thursday: Ford, AT&T, iRobot",2019-04-24,0.2023
668,"Notable Wednesday Option Activity: TSLA, AMBA, IMAX",2019-04-24,0.0
669,"Earnings Reaction History: Tesla Motors, Inc., 41.7% Follow-Through Indicator, 5.6% Sensitive",2019-04-24,0.0
670,"After-Hours Earnings Report for April 24, 2019 :  MSFT, FB, V, PYPL, TSLA, NOW, XLNX, ORLY, LRCX, AVB, ALGN, WCN",2019-04-24,0.0
671,"Commit To Buy Tesla At $50, Earn 8.2% Using Options",2019-04-24,0.296
672,Boeing Stock Earnings: The Upside Opportunity Far Outweighs the Risk,2019-04-24,0.1779
673,Earnings Data Deluge,2019-04-24,0.0
674,"Big Q1 Earnings Morning: Boeing, AT&T, Caterpillar & More",2019-04-24,0.0
675,A Game-Changing Moment for Marijuana Stocks Just Got Closer,2019-04-24,0.0
676,Tesla (TSLA) 1st Quarter Earnings: What to Expect,2019-04-24,0.0
677,"The Zacks Analyst Blog Highlights: Twitter, Tesla, Facebook and Snapchat",2019-04-24,0.0
678,"Solid Earnings Boost S&P, NASDAQ to New Closing Highs",2019-04-24,0.5106
679,Hydrogen Cars Appear Dead as EVs Take the Reins,2019-04-23,-0.6486
680,Twitter Surges Over 16% With Strong User Growth,2019-04-23,0.7096
681,Tesla Earnings: 3 Metrics to Watch,2019-04-23,0.0
682,Investors Just Don’t Believe in Ford Stock Anymore,2019-04-23,0.0
683,Earnings Could Bring an Upside Surprise in Tesla Stock,2019-04-23,0.2732
684,Albemarle says will not participate in LME lithium contract,2019-06-11,0.0
685,"U.S. STOCKS ON THE MOVE-Beyond Meat, Facebook, GrubHub, Dollar Tree, Crocs, Jaguar Health",2019-06-11,0.0
686,SolarCity competitor Sunnova plans IPO,2019-06-11,0.0
687,"U.S. STOCKS ON THE MOVE-Facebook, Tesla, Beyond Meat, Chico's FAS",2019-06-11,0.0
688,This Possible Scenario Would Be a Big Catalyst for Tesla Stock,2019-04-22,0.0
689,Tesla (TSLA) to Report Q1 Earnings: What's in the Cards?,2019-04-22,0.0
690,"Weekly Market Preview: Stocks To Watch For the Coming Week: BIDU, FB, MSFT, TSLA, AMZN, SBUX",2019-04-21,0.0
691,GM Stock Could Take Off if It Takes a Hint From Disney+,2019-04-21,0.0
692,How to Know When to Buy Marijuana Stocks,2019-04-18,0.0
693,3 Trends Emerging from the Q1 Earnings Season,2019-04-18,0.0
694,Is $20 in the Cards for Ford Stock?,2019-04-18,0.0
695,"Auto Stock Roundup: F to Recall to Fix Glitches, VWAGY to Build Electric SUVs for China",2019-04-18,0.0
696,Can Decline in Production Hurt Tesla (TSLA) in Q1 Earnings?,2019-04-18,-0.5267
697,2 Fast-Growing Companies for Your Watchlist,2019-04-18,0.0
698,Albemarle says will not participate in LME lithium contract,2019-06-11,0.0
699,"U.S. STOCKS ON THE MOVE-Beyond Meat, Facebook, GrubHub, Dollar Tree, Crocs, Jaguar Health",2019-06-11,0.0
700,SolarCity competitor Sunnova plans IPO,2019-06-11,0.0
701,"U.S. STOCKS ON THE MOVE-Facebook, Tesla, Beyond Meat, Chico's FAS",2019-06-11,0.0
702,Autonomous Vehicles Won't Save Uber and Lyft,2019-04-15,-0.3875
703,Do You Bet on Money-Loser A (Lyft Stock) or Money-Loser B (Uber)?,2019-04-15,0.0
704,PagerDuty: Not Nearly As Irrelevant As It Sounds,2019-04-15,0.0
705,3 Energy Stocks to Play the Marijuana Boom,2019-04-13,0.5423
706,"Company News For Apr 12, 2019",2019-04-12,0.0
707,"Friday’s Vital Data: eBay, JPMorgan Chase and Tesla",2019-04-12,0.296
708,Tesla Earnings: Mark Your Calendar,2019-04-11,0.0
709,Why Germany Is Investing $1 Billion In Battery Technology,2019-04-11,0.0
710,Gigafactory Freeze Sparks Tesla Price-Target Cut,2019-04-11,-0.2263
711,3 Semiconductor Stocks to Buy Right Now,2019-04-11,0.0
712,Panasonic Is Reportedly Reviewing Further Gigafactory Investments,2019-04-11,0.0
713,"Nasdaq 100 Movers: TSLA, FAST",2019-04-11,0.0
714,"Wall Street Wavers as Traders Digest Data, Fed Speeches Eyed",2019-04-11,0.0
715,"Consumer Sector Update for 04/11/2019: FRSH, BBBY, TSLA, WMT, MCD, DIS, CVS, KO",2019-04-11,0.0
716,"Auto Stock Roundup: Auto Majors Collaborate for Safety, TSLA Opts for Sales Job Cuts",2019-04-11,0.1531
717,"US Futures Cautiously Higher Ahead of Data, Fed Speakers",2019-04-11,0.0
718,"Pre-Market Most Active for Apr 11, 2019 :  FRSH, LYG, ERIC, BBBY, TSLA, NVO, CZR, NOK, SAN, TVIX, ET, AU",2019-04-11,0.4576
719,Could Tesla Get a Boost From a New Electric-Vehicle Tax Credit?,2019-04-10,0.6486
720,Is a Judge's Request for “Reasonableness” a Win for Elon Musk?,2019-04-10,0.5859
721,7 Stocks With a Lot on the Line This Earnings Season,2019-04-10,0.0
722,Albemarle says will not participate in LME lithium contract,2019-06-11,0.0
723,"U.S. STOCKS ON THE MOVE-Beyond Meat, Facebook, GrubHub, Dollar Tree, Crocs, Jaguar Health",2019-06-11,0.0
724,SolarCity competitor Sunnova plans IPO,2019-06-11,0.0
725,"U.S. STOCKS ON THE MOVE-Facebook, Tesla, Beyond Meat, Chico's FAS",2019-06-11,0.0
726,"Noteworthy Monday Option Activity: AMG, GPRE, TSLA",2019-04-08,0.0
727,One Key Question Facing Lyft Stock Long After the IPO Hype Settles,2019-04-08,0.0
728,"Pre-Market Most Active for Apr 8, 2019 :  GE, CHL, SNAP, FDC, VSM, AMD, BA, SQQQ, ROKU, FISV, TSLA, TVIX",2019-04-08,0.4576
729,The Tesla Model 3 News Is Bad -- the Model S and Model X News Is Worse,2019-04-07,-0.765
730,Here's Why Tesla Was Down 12.5% in March,2019-04-06,0.0
731,Tesla Flexes Its Software Prowess in Latest Over-the-Air Update,2019-04-06,0.0
732,"Bezos, Amazon Stock Owners Mostly Unscathed by Divorce",2019-04-05,0.1779
733,What Will Buffett Buy Next?,2019-04-05,0.0
734,"Company News For Apr 5, 2019",2019-04-05,0.0
735,"The Zacks Analyst Blog Highlights: General Motors, Ford, CarMax, Lear, Tesla, Harley-Davidson and AutoZone",2019-04-05,0.0
736,"Friday’s Vital Data: Tesla, Roku and Disney",2019-04-05,0.296
737,"Consumer Sector Update for 04/05/2019: TM, BZUN, TSLA, WMT, MCD, DIS, CVS, KO",2019-04-05,0.0
738,What Happened in the Stock Market Today,2019-04-04,0.0
739,"Market Close Report: NASDAQ Composite index closes at 7,891.78 down -3.77 points",2019-04-04,0.0
740,Dow Outperforms; S&P Extends Win Streak,2019-04-04,0.6486
741,Tesla Missed the Mark But TSLA Stock Will Endure,2019-04-04,-0.296
742,"5 Top Stock Trades for Friday: Boeing, Roku and Constellation Brands",2019-04-04,0.2023
743,The Silver Lining in Tesla's Deliveries Update: Model 3 Demand,2019-04-04,-0.128
744,Why Tesla Stock Is Down Thursday,2019-04-04,0.0
745,Tesla News: TSLA Stock Tumbles on Disappointing Deliveries,2019-04-04,-0.4939
746,Stock Market News: Tesla Tanks; Constellation Turns to Gallo,2019-04-04,0.0
747,Jobless Claims Down To Half-Century Lows,2019-04-04,-0.2023
748,"Jobless Claims Down to 202K, Tesla Down 9%",2019-04-04,0.0
749,"Notable ETF Outflow Detected - VCR, GM, TSLA, MAR",2019-04-04,0.0
750,"Nasdaq 100 Movers: TSLA, FB",2019-04-04,0.0
751,Electric Vehicles Are Just the Thing to Recharge Ford Stock,2019-04-04,0.0
752,Tesla ETFs in Focus on Weak Q1 Delivery Data,2019-04-04,-0.4404
753,"Auto Stock Roundup: March Sales Dip, KMX Q4 Earnings Top, F Launches Hybrid Models",2019-04-04,0.2023
754,"Consumer Sector Update for 04/04/2019: TSLA, BPI, BZUN, WMT, MCD, DIS, CVS, KO",2019-04-04,0.0
755,Wall Street Sees Narrowly Mixed Open as Trade Talks Continue,2019-04-04,0.0
756,Tesla's Q1 Deliveries Tumble With International Expansion,2019-04-04,0.0
757,Tesla's First-Quarter Vehicle Deliveries Whiffed,2019-04-04,0.0
758,"Pre-Market Most Active for Apr 4, 2019 :  NIO, TSLA, TNXP, AMD, MU, BTI, NOK, SGMO, SQQQ, BABA, AZN, BA",2019-04-04,0.4576
759,US Futures Slip as Trade Talks Continue,2019-04-04,0.0
760,Europe Is Just Part Of The X-Factor Driving Tesla Stock In The Long-Term,2019-04-04,0.0
761,After-Hours News: Tesla Rolls Out Autopilot Feature and Resources Connection Reports Earnings,2019-04-04,0.0
762,"5 Top Stock Trades for Thursday: NVDA, GME, TSLA, MU",2019-04-03,0.2023
763,Is Nio Stock Totaled? Or Can You Squeeze Profits From It?,2019-04-03,0.504
764,Big Money Is About to Get Access to Marijuana Stocks,2019-04-03,0.0
765,Tesla Will Show Off a Computer for Autonomous Driving,2019-04-03,0.0
766,Ford Stock Is Driving Toward Big Profits,2019-04-03,0.4404
767,Tesla (TSLA) Stock Moves -1.08%: What You Should Know,2019-04-02,0.0
768,Why Shares of Chinese Electric-Car Maker NIO Fell 47% in March,2019-04-02,0.296
769,"Tesla's China Rival Nio Delivers Close to 4,000 7-Seater Electric Cars in Q1 - NIO Soars 5%",2019-04-02,0.0
770,The Hottest Investment Ideas from Bill Gates’ 10 Breakthroughs in 2019,2019-04-02,0.0
771,Bear of the Day: Tesla (TSLA),2019-04-02,0.0
772,Should Intel's (INTC) GPU Ambitions Bother NVIDIA & AMD?,2019-04-02,-0.34
773,Tesla Stock: Headed to $450?,2019-04-01,0.0
774,Driverless Cars' Biggest Obstacle May Be Us. Here's Why.,2019-04-01,-0.3612
775,Monday Apple Rumors: 2019 iPhone May Support Two-Way Wireless Charging,2019-04-01,0.4019
776,Best Stocks for 2019: Charlotte’s Web Is a King Among Marijuana Stocks,2019-04-01,0.6369
777,Why Investors Should Cheer as China Slashes Electric Vehicle Subsidies,2019-04-01,0.3612
778,History Repeating: Why It May Be Time to Turn Bullish on NIO Stock,2019-04-01,0.0
779,Tesla's Vehicle Delivery Update: The Most Important Thing to Watch,2019-03-31,0.2716
780,How Many Vehicles Will Tesla Deliver in Q1?,2019-03-30,0.0
781,5 Stock Market Predictions for the Second Quarter,2019-03-29,0.0
782,"Stop, Drop, and Roll: The Yield Curve Inversion",2019-03-29,-0.5106
783,Domestic Auto Industry Outlook: Smooth Ride in the Near Term,2019-03-29,0.0
784,Marijuana Stocks Go Mainstream As CBD Jumps to CVS and Walgreens,2019-03-28,0.0
785,The Next 3 Electric BMWs: A Sneak Peak,2019-03-28,0.0
786,Albemarle says will not participate in LME lithium contract,2019-06-11,0.0
787,"U.S. STOCKS ON THE MOVE-Beyond Meat, Facebook, GrubHub, Dollar Tree, Crocs, Jaguar Health",2019-06-11,0.0
788,SolarCity competitor Sunnova plans IPO,2019-06-11,0.0
789,"U.S. STOCKS ON THE MOVE-Facebook, Tesla, Beyond Meat, Chico's FAS",2019-06-11,0.0
790,"Consumer Sector Update for 03/25/2019: TSLA, PM, WGO, WMT, MCD, DIS, CVS, KO",2019-03-25,0.0
791,5 Ways Technology Can Transform the Marijuana Industry,2019-03-24,0.0
792,3 Reasons Why Tesla Investors Should Ignore the Model Y Rollout,2019-03-23,-0.3612
793,"Top Analyst Reports for Alphabet, Wells Fargo & PetroChina",2019-03-22,0.4215
794,Ford Stock Is a Screaming Buy At Current Prices,2019-03-22,-0.3818
795,What Do Gaming Stocks and Marijuana Stocks Have in Common?,2019-03-22,0.0
796,"Noteworthy Thursday Option Activity: CECE, COTY, TSLA",2019-03-21,0.0
797,The 7 Best Stocks in the Entrepreneur Index,2019-03-21,0.6369
798,What Happens to Tesla Stock After Model Y Launch?,2019-03-21,0.0
799,"5 Top Stock Trades for Thursday: S&P 500, NFLX, FDX, ROKU",2019-03-20,0.2023
800,Albemarle says will not participate in LME lithium contract,2019-06-11,0.0
801,"U.S. STOCKS ON THE MOVE-Beyond Meat, Facebook, GrubHub, Dollar Tree, Crocs, Jaguar Health",2019-06-11,0.0
802,SolarCity competitor Sunnova plans IPO,2019-06-11,0.0
803,"U.S. STOCKS ON THE MOVE-Facebook, Tesla, Beyond Meat, Chico's FAS",2019-06-11,0.0
804,Stock Market Today: Tesla's New Crossover SUV Leaves Investors Wanting More,2019-03-15,0.0
805,"Market Close Report: NASDAQ trading volume joins the top ten ranking for the year. NASDAQ Composite Index closes at 7,688.53",2019-03-15,0.2023
806,The 5 Best Stocks to Invest in Self-Driving Cars,2019-03-15,0.6369
807,Why Tesla Stock Fell Friday,2019-03-15,0.0
808,3 Semiconductor Stocks to Buy Right Now,2019-03-15,0.0
809,Tesla’s Competitors Better Pray Elon Musk’s Latest Prediction Is Wrong,2019-03-15,0.2732
810,"Nasdaq 100 Movers: ADBE, AVGO",2019-03-15,0.0
811,Walmart and Domino’s: The New Tech Stocks?,2019-03-15,0.0
812,Tesla Unveils the Model Y Crossover SUV,2019-03-15,0.0
813,"Pre-Market Most Active for Mar 15, 2019 :  AZN, PKX, KEP, SQQQ, LPL, KB, SNAP, QQQ, TSLA, NWL, AMD, FB",2019-03-15,0.4576
814,Stock Market News: Facebook Takes Hits on 2 Fronts; Tesla Readies Model Y,2019-03-14,0.0
815,Bear of the Day: Cars.com (CARS),2019-03-14,0.0
816,Private Space Explorers Set to Gain From NASA's 2020 Budget,2019-03-14,0.5267
817,"Auto Stock Roundup: TSLA Ties Up With China Lenders for Gigafactory, HMC to Recall",2019-03-14,0.0
818,Tesla Stock Is In Turmoil And Remains A Short On Every Rally,2019-03-14,-0.3612
819,Tesla (TSLA) Outpaces Stock Market Gains: What You Should Know,2019-03-13,0.34
820,"Notable Wednesday Option Activity: TSLA, MRK, GOOG",2019-03-13,0.0
821,"As U.S. Market Heats Up, These Marijuana Stocks are Cashing In",2019-03-13,0.0
822,Tesla's Big Event: What to Expect,2019-03-13,0.0
823,Boeing Keeps Dow from Joining Rally,2019-03-13,0.0
824,Albemarle says will not participate in LME lithium contract,2019-06-11,0.0
825,"U.S. STOCKS ON THE MOVE-Beyond Meat, Facebook, GrubHub, Dollar Tree, Crocs, Jaguar Health",2019-06-11,0.0
826,SolarCity competitor Sunnova plans IPO,2019-06-11,0.0
827,"U.S. STOCKS ON THE MOVE-Facebook, Tesla, Beyond Meat, Chico's FAS",2019-06-11,0.0
828,Tesla Stock Needs More Than a New Product Launch,2019-03-11,0.0
829,"Consumer Sector Update for 03/11/2019: TSLA, TTM, BABA, WMT, MCD, DIS, CVS, KO",2019-03-11,0.0
830,Tesla Has Some Problems,2019-03-09,-0.4019
831,Is This the Final Nail in the Coffin for Tesla's SolarCity?,2019-03-09,0.0
832,"5 Top Stock Trades for Monday: OKTA, TSLA, BIG, NVDA",2019-03-08,0.2023
833,Nio Stock Is Ready for a Bullish Test Drive,2019-03-08,0.3612
834,Tesla (TSLA) Inks Deal With China Lenders for Gigafactory,2019-03-08,0.0
835,How Dividends Affect Early Exercise of Calls,2019-03-07,0.0
836,"Nasdaq 100 Movers: CTRP, TSLA",2019-03-07,0.0
837,"Zacks Market Edge Highlights: Tesla, BioTelemetary, Amazon, Booking and Nike",2019-03-07,0.1779
838,"Auto Stock Roundup: Ford to Close Plants in Russia, Daimler & BMW to Tie Up",2019-03-07,0.0
839,Did Audi Just Disrupt Tesla's Model Y?,2019-03-07,0.0
840,Honda's Little Electric Car Is Headed to Production This Fall,2019-03-07,0.0
841,Is Starbucks Stock a Buy at All-Time Highs?,2019-03-06,0.0
842,"Nio Stock Remains a High-Risk, High-Reward Play",2019-03-06,0.34
843,Investing in the Innovation Winners,2019-03-06,0.6908
844,"NIO Stock Is Plunging, But This Is an Opportunity to Buy",2019-03-06,0.4215
845,REVIEWAPALOOZA!: 5-Stock Samplers,2019-03-06,0.0
846,Sizing Up The Revenue Potential Of Tesla's Upcoming Model Y,2019-03-06,0.0
847,Stocks Get Stuck Waiting for Trade Deal,2019-03-06,-0.25
848,"Nasdaq 100 Movers: ALGN, CTRP",2019-03-05,0.0
849,Can Tesla's (TSLA) $35K Model 3 Drive The Stock Higher?,2019-03-05,0.0
850,The 2 Best Alternative Marijuana Stocks to Buy Now,2019-03-05,0.6369
851,What You Should Expect From Marijuana Stocks That Make the ‘Jump’,2019-03-04,0.0
852,Tesla Model Y Release Date Set: What We Know,2019-03-04,0.0
853,Why NOW Is the Time to Buy Gene Therapy Stocks,2019-03-04,0.0
854,"Nasdaq 100 Movers: WDAY, AMAT",2019-03-04,0.0
855,Elon Musk Tweets Tesla Model Y Reveal on March 14,2019-03-04,0.0
856,"Monday’s Vital Data: Nutanix, Amazon and Tesla",2019-03-04,0.4404
857,"Consumer Sector Update for 03/04/2019: PLCE, ODP, TSLA, WMT, MCD, DIS, CVS, KO",2019-03-04,0.0
858,Albemarle says will not participate in LME lithium contract,2019-06-11,0.0
859,"U.S. STOCKS ON THE MOVE-Beyond Meat, Facebook, GrubHub, Dollar Tree, Crocs, Jaguar Health",2019-06-11,0.0
860,SolarCity competitor Sunnova plans IPO,2019-06-11,0.0
861,"U.S. STOCKS ON THE MOVE-Facebook, Tesla, Beyond Meat, Chico's FAS",2019-06-11,0.0
862,Wall Street Stock Futures Gain Altitude as Chinese Manufacturing Data Buoys Investor Confidence,2019-03-01,0.7717
863,"Tesla's $35,000 Model 3 Launches -- Finally",2019-02-28,0.0
864,8 Stocks to Buy Whose Products America Loves,2019-02-28,0.5719
865,Is Now the Best Time to Hit Pause on Tesla Stock?,2019-02-28,0.6369
866,"When Elon Musk Tweets, the SEC Chastens",2019-02-28,0.0
867,"Etsy Is Up, Elon Is Down, and U.S.-China Trade Is...Complicated",2019-02-28,0.0
868,"Auto Stock Roundup: SAH, CPRT, MGA Beat on Earnings, AN Lags Estimates",2019-02-28,-0.3612
869,"Thursday’s Vital Data: Boeing, Tesla and Square",2019-02-28,0.296
870,Why Tesla Stock Popped Wednesday,2019-02-27,0.0
871,3 Reasons to Be Bullish on General Motors Stock,2019-02-27,0.0
872,"Nasdaq 100 Movers: MYL, MELI",2019-02-27,0.0
873,What Would It Take to Kill Tesla Stock?,2019-02-26,-0.6908
874,4 Steps That Could Help Apple Stock Recover Its Mojo,2019-02-26,0.4019
875,4 Large-Cap Stocks in Trouble,2019-02-26,-0.4019
876,Will the Feds Tell Tesla to Fire Elon Musk Over Tweets?,2019-02-26,-0.34
877,Tesla Stock Down In Pre-Market After SEC Says Musk Tweet Broke Settlement,2019-02-26,-0.4215
878,Tesla Stock Falls As SEC Cracks Down on CEO Elon Musk Again,2019-02-26,0.0
879,"Notable Monday Option Activity: NTNX, MNRO, TSLA",2019-02-25,0.0
880,Model 3 Leasing Won't Solve Tesla's Problems,2019-02-24,0.1695
881,Tesla Responds to Consumer Reports,2019-02-22,0.0
882,"3 Big Stock Charts for Friday: Equifax, Mattel and Kimberly Clark",2019-02-22,0.0
883,Europe Presents Tesla Stock With Next Big Challenge,2019-02-22,0.0772
884,The Knockout Restaurant Stock Flying Under the Radar,2019-02-21,0.0
885,Will Reliability Concerns Sink Tesla's Growth Hopes?,2019-02-21,0.6597
886,"5 Must-See Stock Charts for Friday: Newmont, Nike, Tesla",2019-02-21,0.0
887,Zacks Investment Ideas feature highlights: Tesla,2019-02-21,0.0
888,The Risks and Rewards of Tesla Stock,2019-02-21,0.25
889,"Auto Stock Roundup: BWA, AXL, GPC, CTB & AAP Beat on Earnings",2019-02-21,0.0
890,The Revolving Door at Tesla Keeps Spinning...,2019-02-20,0.0
891,Why Tesla Stock Investors Have Finally Accepted the Company’s Quirks,2019-02-20,0.2732
892,Could Honda Motor Stock Go Up 25%? 1 Analyst Thinks So,2019-02-20,0.0
893,Mid-Day Update: Wall Street Treading Water Into FOMC Minutes,2019-02-20,0.0
894,3 Semiconductor Stocks to Buy Right Now,2019-02-20,0.0
895,Stock Market News: Pot Stocks Perk Up While Tesla Loses Its Top Lawyer,2019-02-20,-0.128
896,"Pre-Market Most Active for Feb 20, 2019 :  NRZ, CVS, NXTM, AZN, CHL, ARR, UL, TSLA, AMD, SQQQ, TVIX, UNIT",2019-02-20,0.4576
897,Nio Stock Logic Plays On China Car Buying Instead of Unaffordable Apartments,2019-02-20,0.25
898,"Apple Roundup: China, Services, App Store, Pullstring & More",2019-02-19,0.0
899,10 Smart Money Stocks to Buy Now,2019-02-19,0.4019
900,Shell (RDS.A) Buys sonnen to Boost Cleaner Energy Footprint,2019-02-18,0.6705
901,Could Plug Power Be a Millionaire-Maker Stock?,2019-02-17,0.0
902,Albemarle says will not participate in LME lithium contract,2019-06-11,0.0
903,"U.S. STOCKS ON THE MOVE-Beyond Meat, Facebook, GrubHub, Dollar Tree, Crocs, Jaguar Health",2019-06-11,0.0
904,SolarCity competitor Sunnova plans IPO,2019-06-11,0.0
905,"U.S. STOCKS ON THE MOVE-Facebook, Tesla, Beyond Meat, Chico's FAS",2019-06-11,0.0
906,"If You Liked Tesla Stock Then, You Have to Love Nio Stock Now",2019-02-12,0.7906
907,Is Nio — the Tesla of China — for You?,2019-02-12,0.0
908,Why All the Jobs Cuts Are Actually Good for Tesla Stock,2019-02-12,0.1779
909,Will Baillie Gifford’s Bet on Tesla Stock Pay Off?,2019-02-11,-0.1027
910,Tesla Stock Upgraded: What You Need to Know,2019-02-11,0.0
911,TSLA Makes Bullish Cross Above Critical Moving Average,2019-02-11,-0.3182
912,"Nasdaq 100 Movers: EXPE, EA",2019-02-11,0.0
913,"Consumer Sector Update for 02/11/2019: QSR, TSLA, TTM, WMT, MCD, DIS, CVS, KO",2019-02-11,0.0
914,How Many Vehicles Will Tesla Deliver in 2019?,2019-02-09,0.0
915,"Tesla Moves Closer to Its Promised $35,000 Model 3",2019-02-07,0.3612
916,"Tesla Bull Talks 2019 & Earnings Recap for DIS, SNAP, EA, and GM",2019-02-06,0.0
917,"Midday Stock Market News: Tesla Cuts Prices Again, Chipotle Hopes to Heat Up",2019-02-06,0.1531
918,General Motors Earnings Make a Strong Case for Owning GM Stock,2019-02-06,0.5106
919,"The Zacks Analyst Blog Highlights: Tesla, Autoliv, General Motors and Cummins",2019-02-06,0.0
920,State of the Market Remains Positive,2019-02-06,0.5574
921,Big Tech Earningspalooza Highlights,2019-02-06,0.0
922,Why General Motors Will Likely Have a Quiet Earnings Report,2019-02-05,0.0
923,"At Tesla and Intel, 2 Unsettling Stories From the C-Suite",2019-02-05,0.0
924,Reports of Facebook's Decline Have Been Greatly Exaggerated,2019-02-05,-0.1761
925,"GM, CMI Earnings Due on Feb 6: Here Are the Key Predictions",2019-02-05,0.0
926,Close Update: Technology Sector Drives Market Averages to 2019 Highs,2019-02-04,0.0
927,"Technology Sector Update for 02/04/2019: NVDA,MXWL,TSLA,ULTI,MU",2019-02-04,0.0
928,Tesla's 2019 Outlook Doesn't Inspire Confidence,2019-02-04,-0.6908
929,Mid-Afternoon Market Update: Dow Rises 100 Points; Maxwell Technologies Shares Jump Following Tesla Deal,2019-02-04,0.296
930,"Technology Sector Update for 02/04/2019: MXWL,TSLA,ULTI,MU",2019-02-04,0.0
931,"Google Earnings Preview & Today's Trending Tickers: PZZA, TSLA, CLX",2019-02-04,0.0
932,Maxwell Technologies News: MXWL Stock Skyrockets on Tesla Deal,2019-02-04,0.0
933,Tesla to Acquire Battery Company Maxwell Technologies,2019-02-04,0.0
934,Mid-Day Market Update: Crude Oil Down Over 2%; Top Image Systems Shares Jump,2019-02-04,-0.1779
935,Mid-Morning Market Update: Markets Mixed; Clorox Profit Tops Expectations,2019-02-04,0.7351
936,Options Traders Expect Huge Moves in Tesla (TSLA) Stock,2019-02-04,0.3182
937,Is Tesla a Buy?,2019-02-02,0.0
938,Tesla CEO Elon Musk Talks Service and Self-Driving Technology,2019-02-01,0.0
939,"The Zacks Analyst Blog Highlights: Lear, PACCAR, Harley-Davidson, Autoliv and Tesla",2019-02-01,0.0
940,Tesla Discusses Its Jam-Packed Product Pipeline,2019-01-31,0.0
941,Tesla (TSLA) Q4 2018 Earnings Conference Call Transcript,2019-01-31,0.0
942,"Stock Market Today: Facebook Grows Users, Tesla Earns a Profit",2019-01-31,0.4404
943,Electric Vehicles: The Roadmap for EVs by Country and Company,2019-01-31,0.0
944,ETFs to Watch Post Tesla Q4 Earnings Miss,2019-01-31,-0.1531
945,"Tesla (TSLA) Q4 Earnings Miss Estimates, Revenues Improve",2019-01-31,0.3182
946,"Auto Stock Roundup: TSLA & HOG Earnings Miss, PCAR & LEA Report a Beat",2019-01-31,-0.1531
947,"The Zacks Analyst Blog Highlights: Facebook, Microsoft, Tesla, Qualcomm and Visa",2019-01-31,0.0
948,Tesla Posts Another Quarterly Profit,2019-01-31,0.4404
949,"Big Afternoon for Q4 Earnings: FB, MSFT, TSLA, QCOM & V",2019-01-30,0.0
950,Tesla (TSLA) Q4 Earnings Miss Estimates,2019-01-30,-0.1531
951,"Notable Wednesday Option Activity: FB, TSLA, AMZN",2019-01-30,0.0
952,"Earnings Reaction History: Tesla Motors, Inc., 41.7% Follow-Through Indicator, 5.9% Sensitive",2019-01-30,0.0
953,Where to Look for the Next Amazon,2019-01-30,0.1779
954,"After-Hours Earnings Report for January 30, 2019 :  MSFT, FB, V, PYPL, MDLZ, QCOM, TSLA, NOW, ESS, AMP, HOLX, WYNN",2019-01-30,0.0
955,3 Reasons NOT to Invest in Lithium Stocks,2019-01-30,0.0
956,Tesla (TSLA) 4th Quarter Earnings: What to Expect,2019-01-30,0.0
957,Tesla Earnings Preview: Can Elon Musk Pull a Rabbit Out of His Hat?,2019-01-29,0.0
958,"The Zacks Analyst Blog Highlights: Apple, Facebook, Microsoft, Tesla and Boeing",2019-01-29,0.0
959,Tesla Earnings: 3 Questions for CEO Elon Musk,2019-01-29,0.0
960,Who's Got the Best Earnings Chart This Week?,2019-01-29,0.6369
961,An Investor's Primer on Batteries,2019-01-29,0.0
962,"What to Expect from Apple's Earnings, iPhone, Services & Chinese Revenues",2019-01-28,0.0
963,"Tesla Stock: Too Bad to Buy, Too Good to Short",2019-01-28,-0.1531
964,Tesla (TSLA) to Report Q4 Earnings: What's in the Cards?,2019-01-28,0.0
965,Analysts Expect Robust Earnings From Tesla In 2019,2019-01-26,0.34
966,Albemarle says will not participate in LME lithium contract,2019-06-11,0.0
967,"U.S. STOCKS ON THE MOVE-Beyond Meat, Facebook, GrubHub, Dollar Tree, Crocs, Jaguar Health",2019-06-11,0.0
968,SolarCity competitor Sunnova plans IPO,2019-06-11,0.0
969,"U.S. STOCKS ON THE MOVE-Facebook, Tesla, Beyond Meat, Chico's FAS",2019-06-11,0.0
970,Albemarle says will not participate in LME lithium contract,2019-06-11,0.0
971,"U.S. STOCKS ON THE MOVE-Beyond Meat, Facebook, GrubHub, Dollar Tree, Crocs, Jaguar Health",2019-06-11,0.0
972,SolarCity competitor Sunnova plans IPO,2019-06-11,0.0
973,"U.S. STOCKS ON THE MOVE-Facebook, Tesla, Beyond Meat, Chico's FAS",2019-06-11,0.0
974,The Biggest Winners in the Pivot to Smart Cities,2019-01-22,0.7003
975,Tesla Earnings: What to Watch,2019-01-22,0.0
976,How Jack Bogle Revolutionized Investing,2019-01-22,0.0
977,Tesla (TSLA)'s Big Drop is an Opportunity,2019-01-22,0.1779
978,How Low Can Ford Stock Go?,2019-01-22,-0.2732
979,"Tuesday’s Vital Data: Tesla, Netflix and Intel",2019-01-22,0.296
980,"Consumer Sector Update for 01/22/2019: UQM, EDU, TSLA, WMT, MCD, DIS, CVS, KO",2019-01-22,0.0
981,Tesla (TSLA) Receives Green Signal to Sell Model 3 in Europe,2019-01-22,0.0
982,Sum Up The Parts: IYK Could Be Worth $126,2019-01-22,0.2263
983,Competition Is Closing In on Tesla and TSLA Stock,2019-01-22,0.0
984,Berkshire Hathaway Energy Denies Report of Deal to Supply Lithium to Electric Car Makers,2019-01-22,-0.1779
985,Tesla's Model 3 Is Coming to Europe,2019-01-22,0.0
986,3 Investing Trends to Watch in 2019,2019-01-21,0.0
987,"Company News For Jan 21, 2019",2019-01-21,0.0
988,Here’s Why You Should Buy The Job Cuts Dip In Tesla Stock,2019-01-21,-0.296
989,An Investor's Guide to Big Auto,2019-01-19,0.0
990,"Tesla Stock Tanks on Musk's Job Cuts Email, But is TSLA Still a Buy?",2019-01-18,-0.296
991,"Market Close Report: NASDAQ trading volume joins the top ten ranking for the year. NASDAQ Composite Index closes at 7,157.23",2019-01-18,0.2023
992,"Why Tesla, Immunomedics, and Nautilus Slumped Today",2019-01-18,0.0
993,"Consumer Sector Update for 01/18/2019: LUB,VFC,FND,TSLA",2019-01-18,0.0
994,"5 Top Stock Trades for Tuesday: SPY, NFLX, TSLA, AMD, T",2019-01-18,0.2023
995,Tesla's Big Workforce Reduction: 6 Key Takeaways,2019-01-18,0.0
996,10 Lithium Stocks to Buy Despite the Market’s Irrationality,2019-01-18,0.3089
997,TSLA Makes Notable Cross Below Critical Moving Average,2019-01-18,-0.3182
998,Mid-Day Update: Wall Street Rallies As China Increases Efforts to Shrink Trade Surplus With US,2019-01-18,0.0
999,"Consumer Sector Update for 01/18/2019: VFC,FND,TSLA",2019-01-18,0.0
1000,Tesla Layoffs 2019: TSLA Stock Falls on the Cost-Cutting Measure,2019-01-18,0.0
1001,Q4 Earnings Continue,2019-01-18,0.0
1002,"Nasdaq 100 Movers: TSLA, JBHT",2019-01-18,0.0
1003,"Tesla (TSLA) Cutting Workforce 7%, Plus More Q4",2019-01-18,-0.128
1004,Albemarle says will not participate in LME lithium contract,2019-06-11,0.0
1005,"U.S. STOCKS ON THE MOVE-Beyond Meat, Facebook, GrubHub, Dollar Tree, Crocs, Jaguar Health",2019-06-11,0.0
1006,SolarCity competitor Sunnova plans IPO,2019-06-11,0.0
1007,"U.S. STOCKS ON THE MOVE-Facebook, Tesla, Beyond Meat, Chico's FAS",2019-06-11,0.0
1008,3 Apple Buyout Candidates That Don't Make Sense,2019-01-14,0.0
1009,Is It Time to Start Buying Facebook Stock Again?,2019-01-14,0.0
1010,3 Best Commodities to Buy Right Now,2019-01-14,0.6369
1011,Better Buy: Ford Motor vs. Tesla,2019-01-14,0.4404
1012,Elon Musk Wants You to Stream Internet From Space,2019-01-12,0.0
1013,Could Tesla Be a Millionaire-Maker Stock?,2019-01-12,0.0
1014,"Noteworthy Friday Option Activity: TSLA, THS, ABBV",2019-01-11,0.0
1015,Bet Big on the Next Generation of Batteries,2019-01-11,0.0
1016,Are New Tesla Model S and X Variants on the Way?,2019-01-11,0.0
1017,TSLA Crosses Above Average Analyst Target,2019-01-11,0.0
1018,"The Zacks Analyst Blog Highlights: Ford Motor, Toyota Motor, General Motors, Tesla and AutoNation",2019-01-11,0.0
1019,Chinese Tesla Rival NIO Beat Its 2018 Sales Guidance -- but 2019 Will Be Tougher,2019-01-10,0.2617
1020,7 Stocks to Buy That Are Run By Billionaires,2019-01-10,0.0
1021,The Rally in Tesla Stock Is Running Low On Power,2019-01-10,-0.2732
